Policy_ID,Date,Customer_Name,Gender,Age,Area,City,Occupation,Policy_Type,Customer_Age_Group,Income_Level,Premium_Amount,Payment_Mode,Policy_Duration,Claim_Status,Claim_Amount
10559,2023-01-01,Krishna Singh,Other,55,East Zone,Ranchi,Self-Employed,Health,18-30,Low,8479.07,Half-Yearly,3,Claim Rejected,0.0
10180,2023-01-01,Sunita Kapoor,Male,55,South Zone,Hyderabad,Business,Vehicle,46-60,Low,5636.74,Half-Yearly,3,No Claim,0.0
10522,2023-01-02,Pari Mehta,Male,55,Central Zone,Indore,Professional,Property,31-45,High,65129.36,Monthly,3,No Claim,0.0
10303,2023-01-03,Siddharth Kapoor,Male,39,Central Zone,Gwalior,Business,Property,18-30,Low,16052.21,Annual,2,No Claim,0.0
10163,2023-01-04,Vihaan Bajaj,Female,39,North Zone,Kanpur,Salaried,Life,60+,Low,6307.17,Monthly,2,Claim Approved,35226.9
10421,2023-01-04,Myra Kapoor,Other,63,West Zone,Nagpur,Salaried,Life,60+,High,35141.25,Annual,3,Claim Filed,25926.64
10032,2023-01-07,Neha Bajaj,Other,39,North Zone,Chandigarh,Business,Property,18-30,Middle,33308.86,Annual,1,Claim Filed,6080.23
10231,2023-01-08,Rajesh Malhotra,Other,26,East Zone,Kolkata,Student,Property,31-45,High,54074.57,Half-Yearly,1,No Claim,0.0
10391,2023-01-09,Arjun Mehta,Female,39,East Zone,Patna,Self-Employed,Health,31-45,Middle,22197.26,Quarterly,5,No Claim,0.0
10367,2023-01-10,Sai Menon,Female,26,West Zone,Ahmedabad,Salaried,Property,46-60,Low,19415.03,Monthly,1,Claim Filed,13640.72
10432,2023-01-10,Sunita Pillai,Other,39,West Zone,Mumbai,Professional,Life,46-60,Low,12621.75,Quarterly,2,No Claim,0.0
10150,2023-01-12,Saanvi Rao,Male,63,South Zone,Hyderabad,Student,Health,60+,Low,16098.72,Monthly,1,Claim Filed,15757.99
10291,2023-01-16,Suresh Bajaj,Female,39,Central Zone,Bhopal,Business,Vehicle,46-60,High,35177.88,Quarterly,1,Claim Approved,43765.06
10184,2023-01-20,Meera Nair,Male,26,Central Zone,Ujjain,Professional,Health,46-60,Low,9308.16,Half-Yearly,3,No Claim,0.0
10225,2023-01-22,Kiara Saxena,Male,55,North Zone,Lucknow,Student,Health,60+,Middle,36574.18,Annual,2,No Claim,0.0
10484,2023-01-25,Pihu Gupta,Female,55,South Zone,Bangalore,Self-Employed,Vehicle,31-45,Low,3616.94,Half-Yearly,1,No Claim,0.0
10003,2023-01-26,Amit Joshi,Other,55,South Zone,Hyderabad,Salaried,Vehicle,31-45,Low,7017.06,Annual,1,No Claim,0.0
10464,2023-01-26,Sunita Trivedi,Male,63,West Zone,Nagpur,Business,Life,18-30,Low,11633.11,Monthly,2,Claim Approved,42759.49
10591,2023-01-26,Mahesh Malhotra,Other,39,Central Zone,Gwalior,Retired,Vehicle,18-30,Low,7072.05,Quarterly,1,No Claim,0.0
10021,2023-01-28,Sai Desai,Male,39,West Zone,Nagpur,Professional,Health,31-45,Middle,39790.11,Monthly,2,No Claim,0.0
10499,2023-01-29,Saanvi Gupta,Female,55,West Zone,Pune,Retired,Vehicle,18-30,Low,6693.12,Monthly,2,No Claim,0.0
10015,2023-01-31,Gopal Verma,Female,26,Central Zone,Jabalpur,Retired,Vehicle,60+,High,30932.25,Quarterly,2,Claim Approved,8473.44
10103,2023-02-02,Rahul Malhotra,Other,63,South Zone,Hyderabad,Salaried,Life,31-45,High,30478.93,Annual,1,Claim Approved,31317.25
10238,2023-02-02,Kavita Mehta,Female,26,Central Zone,Gwalior,Retired,Vehicle,31-45,Low,7419.63,Quarterly,2,Claim Approved,17175.17
10014,2023-02-02,Pooja Bhatia,Other,39,East Zone,Ranchi,Business,Vehicle,46-60,High,41843.31,Half-Yearly,5,No Claim,0.0
10438,2023-02-06,Meera Pillai,Male,63,South Zone,Kochi,Self-Employed,Vehicle,60+,Middle,19348.16,Half-Yearly,2,No Claim,0.0
10505,2023-02-09,Neha Iyer,Male,55,East Zone,Ranchi,Student,Vehicle,31-45,Middle,18466.25,Half-Yearly,1,No Claim,0.0
10475,2023-02-09,Lakshmi Bhatia,Female,26,North Zone,Lucknow,Self-Employed,Life,31-45,Low,5684.41,Monthly,1,No Claim,0.0
10344,2023-02-10,Priya Saxena,Male,63,West Zone,Pune,Retired,Life,31-45,High,37541.08,Annual,1,Claim Filed,22699.43
10448,2023-02-10,Diya Verma,Other,39,West Zone,Ahmedabad,Student,Vehicle,46-60,Low,4428.45,Annual,1,No Claim,0.0
10445,2023-02-12,Rajesh Khanna,Female,26,North Zone,Chandigarh,Professional,Vehicle,46-60,Middle,15354.74,Quarterly,5,Claim Approved,33563.49
10049,2023-02-14,Ishaan Shah,Female,26,North Zone,Jaipur,Retired,Vehicle,46-60,Low,9947.6,Half-Yearly,2,No Claim,0.0
10519,2023-02-15,Pihu Desai,Male,63,South Zone,Coimbatore,Business,Life,60+,Middle,20016.64,Monthly,3,No Claim,0.0
10420,2023-02-15,Ishaan Verma,Female,55,East Zone,Ranchi,Salaried,Property,60+,Low,10744.09,Monthly,2,No Claim,0.0
10064,2023-02-16,Pihu Nair,Female,63,West Zone,Pune,Professional,Health,31-45,Middle,22799.75,Annual,2,No Claim,0.0
10592,2023-02-17,Ayaan Verma,Other,55,West Zone,Ahmedabad,Business,Vehicle,46-60,Low,8364.43,Half-Yearly,2,No Claim,0.0
10134,2023-02-18,Aanya Singh,Female,55,East Zone,Ranchi,Professional,Property,46-60,High,64966.39,Quarterly,3,No Claim,0.0
10288,2023-02-21,Neha Joshi,Female,63,Central Zone,Jabalpur,Self-Employed,Property,18-30,Middle,41048.04,Quarterly,2,No Claim,0.0
10323,2023-02-21,Saanvi Reddy,Female,63,Central Zone,Bhopal,Retired,Vehicle,31-45,Middle,21747.42,Annual,3,No Claim,0.0
10415,2023-02-22,Avni Gupta,Female,63,East Zone,Kolkata,Self-Employed,Property,46-60,High,54302.06,Quarterly,2,Claim Approved,39192.06
10264,2023-02-25,Pari Malhotra,Other,39,East Zone,Bhubaneswar,Self-Employed,Health,46-60,High,51921.0,Annual,1,No Claim,0.0
10101,2023-02-27,Sunita Menon,Other,39,North Zone,Kanpur,Salaried,Property,31-45,Low,14284.39,Quarterly,3,No Claim,0.0
10322,2023-02-28,Sunita Saxena,Other,63,East Zone,Bhubaneswar,Retired,Health,60+,Middle,26408.03,Monthly,1,Claim Filed,12392.91
10329,2023-02-28,Ishaan Nair,Male,26,Central Zone,Bhopal,Student,Health,18-30,Middle,36425.0,Monthly,2,No Claim,0.0
10317,2023-03-01,Arjun Verma,Female,63,East Zone,Ranchi,Business,Health,18-30,Low,9281.61,Annual,1,No Claim,0.0
10189,2023-03-01,Arnav Desai,Female,39,South Zone,Kochi,Salaried,Health,46-60,High,57173.96,Monthly,1,No Claim,0.0
10300,2023-03-02,Myra Iyer,Female,39,West Zone,Pune,Retired,Health,18-30,High,57150.61,Half-Yearly,2,Claim Approved,9381.51
10235,2023-03-02,Aditya Khanna,Male,39,Central Zone,Jabalpur,Student,Property,46-60,Middle,42727.61,Monthly,2,No Claim,0.0
10320,2023-03-04,Rajesh Gupta,Female,26,East Zone,Patna,Salaried,Vehicle,18-30,High,30953.01,Quarterly,1,No Claim,0.0
10269,2023-03-04,Avni Nair,Female,26,North Zone,Chandigarh,Retired,Life,31-45,Middle,18063.63,Monthly,3,No Claim,0.0
10223,2023-03-07,Mahesh Saxena,Female,26,South Zone,Kochi,Business,Property,60+,Middle,39407.68,Annual,1,Claim Approved,28000.11
10142,2023-03-07,Rani Verma,Other,39,East Zone,Patna,Salaried,Health,18-30,Middle,34403.15,Annual,2,Claim Rejected,0.0
10107,2023-03-09,Pooja Malhotra,Male,26,North Zone,Lucknow,Student,Property,60+,Low,19385.23,Monthly,1,Claim Rejected,0.0
10335,2023-03-11,Vivaan Nair,Other,55,Central Zone,Jabalpur,Retired,Life,18-30,Middle,27809.14,Annual,3,No Claim,0.0
10237,2023-03-11,Siddharth Iyer,Female,26,South Zone,Kochi,Retired,Life,60+,High,43583.25,Annual,2,No Claim,0.0
10333,2023-03-12,Vihaan Khanna,Male,63,North Zone,Kanpur,Retired,Vehicle,31-45,Middle,22894.68,Monthly,1,No Claim,0.0
10379,2023-03-12,Sai Saxena,Male,39,North Zone,Kanpur,Self-Employed,Life,18-30,High,37642.47,Annual,2,Claim Approved,10952.09
10195,2023-03-12,Krishna Sharma,Other,26,North Zone,Chandigarh,Professional,Property,18-30,High,62063.51,Quarterly,3,Claim Approved,19922.76
10530,2023-03-13,Reyansh Desai,Male,39,Central Zone,Indore,Professional,Life,31-45,High,40047.44,Half-Yearly,1,Claim Approved,19754.78
10063,2023-03-13,Neha Verma,Female,26,Central Zone,Indore,Retired,Health,60+,Low,16304.61,Monthly,2,No Claim,0.0
10490,2023-03-13,Ishaan Iyer,Male,26,South Zone,Hyderabad,Professional,Property,31-45,Low,19529.85,Monthly,1,Claim Approved,13841.91
10232,2023-03-14,Kavita Singh,Male,26,West Zone,Ahmedabad,Self-Employed,Property,31-45,High,66981.99,Monthly,2,No Claim,0.0
10240,2023-03-14,Rani Patel,Other,26,East Zone,Patna,Retired,Property,31-45,Middle,30965.45,Monthly,1,No Claim,0.0
10085,2023-03-15,Krishna Mehta,Male,26,East Zone,Ranchi,Student,Life,46-60,Low,12422.71,Half-Yearly,1,No Claim,0.0
10596,2023-03-16,Arnav Verma,Male,63,West Zone,Pune,Student,Property,18-30,Low,23488.73,Monthly,3,No Claim,0.0
10366,2023-03-16,Kiara Reddy,Female,39,North Zone,Jaipur,Self-Employed,Health,60+,Low,12111.09,Annual,5,Claim Rejected,0.0
10372,2023-03-17,Ishaan Khanna,Other,26,South Zone,Hyderabad,Self-Employed,Life,60+,Middle,16035.55,Annual,3,No Claim,0.0
10434,2023-03-19,Vivaan Menon,Female,39,North Zone,Jaipur,Professional,Property,31-45,High,53546.23,Quarterly,2,No Claim,0.0
10284,2023-03-19,Vikram Mukherjee,Female,55,Central Zone,Indore,Student,Life,31-45,High,49886.61,Annual,3,Claim Approved,15472.78
10054,2023-03-22,Krishna Nair,Male,55,West Zone,Nagpur,Retired,Property,31-45,High,69455.52,Monthly,1,Claim Approved,13140.14
10192,2023-03-22,Diya Reddy,Female,26,West Zone,Ahmedabad,Professional,Vehicle,60+,Low,4026.87,Monthly,1,Claim Rejected,0.0
10068,2023-03-23,Diya Menon,Female,39,West Zone,Mumbai,Salaried,Health,31-45,Low,19958.32,Annual,2,Claim Rejected,0.0
10331,2023-03-24,Sai Khanna,Male,55,North Zone,Chandigarh,Salaried,Health,31-45,Low,19465.38,Quarterly,1,No Claim,0.0
10346,2023-03-25,Vihaan Sharma,Male,63,South Zone,Kochi,Student,Property,60+,High,48996.99,Quarterly,1,Claim Approved,36106.1
10577,2023-03-28,Suresh Nair,Male,39,North Zone,Delhi,Self-Employed,Vehicle,46-60,High,34712.69,Half-Yearly,1,Claim Filed,46076.04
10193,2023-03-29,Avni Reddy,Male,55,South Zone,Hyderabad,Business,Health,18-30,High,53806.46,Monthly,2,No Claim,0.0
10011,2023-03-31,Avni Kumar,Other,55,North Zone,Chandigarh,Retired,Vehicle,18-30,Low,7519.01,Half-Yearly,3,Claim Rejected,0.0
10133,2023-04-04,Kavita Nair,Male,63,South Zone,Hyderabad,Professional,Health,31-45,High,53377.53,Quarterly,3,No Claim,0.0
10042,2023-04-05,Mahesh Mukherjee,Other,26,Central Zone,Indore,Professional,Life,31-45,Middle,25163.19,Annual,2,No Claim,0.0
10416,2023-04-05,Mahesh Rao,Male,39,Central Zone,Ujjain,Self-Employed,Property,46-60,Middle,31776.47,Monthly,2,Claim Filed,47842.81
10584,2023-04-06,Rahul Mehta,Male,26,East Zone,Bhubaneswar,Self-Employed,Life,46-60,High,30320.56,Quarterly,2,Claim Approved,48365.83
10292,2023-04-06,Neha Mukherjee,Male,39,West Zone,Nagpur,Salaried,Property,46-60,Low,22990.54,Annual,1,No Claim,0.0
10016,2023-04-06,Meera Kapoor,Male,55,Central Zone,Jabalpur,Student,Property,60+,High,49247.18,Monthly,2,No Claim,0.0
10256,2023-04-07,Kavita Kumar,Other,55,East Zone,Kolkata,Business,Life,31-45,High,38443.84,Quarterly,3,No Claim,0.0
10044,2023-04-10,Priya Mehta,Male,39,West Zone,Ahmedabad,Business,Property,18-30,Low,17126.35,Quarterly,1,Claim Approved,46509.54
10257,2023-04-10,Aanya Malhotra,Female,39,West Zone,Mumbai,Business,Vehicle,31-45,High,40701.28,Annual,2,Claim Rejected,0.0
10268,2023-04-11,Suresh Menon,Other,63,West Zone,Mumbai,Self-Employed,Vehicle,46-60,Low,3383.13,Annual,3,No Claim,0.0
10287,2023-04-11,Avni Saxena,Male,39,South Zone,Hyderabad,Retired,Vehicle,31-45,Low,5742.68,Half-Yearly,3,No Claim,0.0
10371,2023-04-13,Myra Desai,Female,26,Central Zone,Ujjain,Business,Property,46-60,High,60635.84,Annual,2,Claim Approved,41372.07
10070,2023-04-14,Vikram Patel,Male,55,Central Zone,Jabalpur,Retired,Vehicle,31-45,Middle,20131.84,Quarterly,5,Claim Approved,22820.04
10008,2023-04-15,Saanvi Bajaj,Female,26,West Zone,Mumbai,Self-Employed,Health,60+,High,40881.32,Monthly,2,No Claim,0.0
10041,2023-04-15,Aanya Desai,Male,26,West Zone,Ahmedabad,Retired,Property,18-30,High,64937.85,Quarterly,3,No Claim,0.0
10454,2023-04-16,Gopal Pillai,Female,26,Central Zone,Gwalior,Retired,Health,60+,Low,13125.26,Annual,2,No Claim,0.0
10396,2023-04-17,Rahul Khanna,Female,26,East Zone,Patna,Self-Employed,Property,60+,High,62251.17,Quarterly,5,Claim Approved,19224.56
10168,2023-04-19,Suresh Nair,Male,26,Central Zone,Indore,Professional,Life,31-45,Low,8121.9,Half-Yearly,1,Claim Filed,24235.99
10400,2023-04-20,Arnav Menon,Other,63,West Zone,Nagpur,Retired,Vehicle,60+,High,26611.62,Half-Yearly,3,No Claim,0.0
10473,2023-04-21,Rahul Gupta,Other,55,South Zone,Kochi,Student,Health,60+,Low,12099.69,Quarterly,2,No Claim,0.0
10506,2023-04-22,Raj Verma,Male,26,West Zone,Mumbai,Student,Health,31-45,Middle,32011.66,Half-Yearly,3,No Claim,0.0
10272,2023-04-22,Gopal Pillai,Female,55,Central Zone,Jabalpur,Retired,Life,46-60,Low,14150.02,Half-Yearly,2,Claim Rejected,0.0
10135,2023-04-23,Vihaan Joshi,Other,26,South Zone,Bangalore,Professional,Life,60+,Low,14327.53,Quarterly,1,Claim Rejected,0.0
10158,2023-04-25,Saanvi Mehta,Male,26,North Zone,Lucknow,Self-Employed,Health,60+,Low,11640.63,Annual,5,No Claim,0.0
10002,2023-04-25,Neha Menon,Male,26,North Zone,Chandigarh,Professional,Property,60+,Middle,26423.11,Monthly,1,No Claim,0.0
10433,2023-04-25,Pari Trivedi,Male,39,Central Zone,Bhopal,Retired,Life,60+,Middle,27177.1,Monthly,1,No Claim,0.0
10185,2023-04-25,Anika Saxena,Male,39,East Zone,Guwahati,Self-Employed,Life,31-45,Low,7485.4,Quarterly,1,No Claim,0.0
10152,2023-04-28,Suresh Shah,Male,63,South Zone,Hyderabad,Self-Employed,Health,46-60,Low,17120.07,Half-Yearly,3,Claim Rejected,0.0
10514,2023-04-29,Diya Shah,Male,63,North Zone,Lucknow,Retired,Property,31-45,Middle,38333.71,Quarterly,3,No Claim,0.0
10399,2023-04-29,Myra Iyer,Other,26,South Zone,Coimbatore,Salaried,Vehicle,60+,Low,4685.63,Monthly,2,Claim Approved,22406.33
10500,2023-04-29,Mahesh Khanna,Other,39,Central Zone,Jabalpur,Salaried,Property,60+,High,51472.61,Monthly,3,No Claim,0.0
10339,2023-05-03,Sai Nair,Male,55,East Zone,Patna,Self-Employed,Health,31-45,Low,18910.43,Annual,2,No Claim,0.0
10220,2023-05-04,Aditya Kapoor,Male,55,West Zone,Ahmedabad,Retired,Life,18-30,High,46728.84,Annual,1,No Claim,0.0
10536,2023-05-08,Vikram Bajaj,Female,39,South Zone,Chennai,Self-Employed,Health,60+,High,54813.27,Monthly,5,Claim Rejected,0.0
10052,2023-05-08,Siddharth Khanna,Male,26,East Zone,Kolkata,Student,Property,46-60,Low,13369.86,Half-Yearly,2,No Claim,0.0
10197,2023-05-09,Gopal Menon,Other,26,East Zone,Patna,Retired,Property,31-45,Low,19685.88,Quarterly,3,Claim Rejected,0.0
10547,2023-05-11,Pari Mukherjee,Male,26,East Zone,Patna,Self-Employed,Life,18-30,Low,10049.11,Half-Yearly,5,Claim Rejected,0.0
10444,2023-05-11,Suresh Mukherjee,Male,55,Central Zone,Jabalpur,Salaried,Vehicle,60+,Low,6152.45,Half-Yearly,1,Claim Approved,38703.34
10198,2023-05-12,Vihaan Patel,Other,39,East Zone,Bhubaneswar,Student,Health,60+,High,50211.41,Monthly,3,No Claim,0.0
10423,2023-05-14,Myra Gupta,Male,55,North Zone,Lucknow,Salaried,Life,60+,Middle,28788.12,Annual,2,No Claim,0.0
10360,2023-05-15,Reyansh Singh,Male,55,East Zone,Ranchi,Retired,Health,46-60,High,47844.36,Annual,3,Claim Filed,47650.09
10377,2023-05-16,Pari Nair,Male,39,South Zone,Bangalore,Student,Life,60+,Low,10964.67,Half-Yearly,3,No Claim,0.0
10248,2023-05-16,Ayaan Pillai,Other,26,South Zone,Kochi,Student,Vehicle,31-45,Low,9159.4,Half-Yearly,2,No Claim,0.0
10397,2023-05-18,Vikram Iyer,Female,39,Central Zone,Indore,Salaried,Life,31-45,Middle,15836.11,Monthly,2,Claim Rejected,0.0
10130,2023-05-22,Rani Desai,Female,39,South Zone,Bangalore,Salaried,Property,18-30,Middle,41237.32,Monthly,2,No Claim,0.0
10007,2023-05-23,Rajesh Joshi,Other,26,North Zone,Kanpur,Self-Employed,Vehicle,18-30,Low,3686.05,Half-Yearly,2,No Claim,0.0
10119,2023-05-23,Aanya Menon,Other,63,Central Zone,Ujjain,Business,Health,31-45,Low,10383.73,Quarterly,1,Claim Approved,16108.57
10278,2023-05-24,Anika Saxena,Other,55,Central Zone,Indore,Professional,Health,18-30,Low,9429.69,Monthly,2,Claim Approved,28057.68
10117,2023-05-27,Sarita Khanna,Male,55,Central Zone,Bhopal,Professional,Life,31-45,Low,10721.23,Quarterly,1,Claim Approved,13135.33
10590,2023-05-31,Arjun Nair,Female,55,Central Zone,Bhopal,Business,Health,31-45,High,42522.31,Annual,1,No Claim,0.0
10442,2023-06-01,Raj Malhotra,Other,63,North Zone,Jaipur,Student,Property,31-45,High,46281.59,Monthly,3,No Claim,0.0
10436,2023-06-02,Rahul Pillai,Female,55,East Zone,Ranchi,Professional,Property,31-45,High,66211.79,Half-Yearly,2,Claim Filed,21346.49
10136,2023-06-06,Amit Bajaj,Other,55,East Zone,Ranchi,Retired,Vehicle,18-30,Low,3140.96,Monthly,1,Claim Rejected,0.0
10175,2023-06-06,Ananya Gupta,Other,39,East Zone,Guwahati,Self-Employed,Property,31-45,Middle,32404.64,Quarterly,2,No Claim,0.0
10459,2023-06-08,Rani Trivedi,Female,55,South Zone,Bangalore,Salaried,Health,18-30,High,45043.46,Annual,1,Claim Approved,25102.69
10313,2023-06-08,Arnav Desai,Other,26,North Zone,Kanpur,Salaried,Health,46-60,Middle,37518.1,Half-Yearly,3,No Claim,0.0
10038,2023-06-09,Ananya Rao,Other,55,East Zone,Patna,Retired,Health,31-45,High,46307.27,Quarterly,1,No Claim,0.0
10402,2023-06-09,Kiara Patel,Female,55,West Zone,Nagpur,Salaried,Property,31-45,Low,14469.66,Quarterly,2,No Claim,0.0
10161,2023-06-11,Kiara Patel,Other,63,Central Zone,Gwalior,Self-Employed,Health,18-30,Low,16299.87,Monthly,3,No Claim,0.0
10328,2023-06-11,Lakshmi Gupta,Female,39,South Zone,Kochi,Retired,Life,18-30,High,33802.58,Annual,5,Claim Rejected,0.0
10383,2023-06-11,Aanya Kapoor,Male,26,Central Zone,Indore,Student,Life,60+,Middle,24641.93,Quarterly,3,No Claim,0.0
10033,2023-06-13,Myra Bajaj,Female,26,North Zone,Jaipur,Student,Vehicle,60+,Middle,15030.57,Monthly,3,No Claim,0.0
10138,2023-06-13,Lakshmi Chowdhury,Other,39,East Zone,Guwahati,Salaried,Life,60+,Middle,28292.57,Half-Yearly,2,Claim Approved,25633.34
10471,2023-06-13,Diya Iyer,Other,26,South Zone,Bangalore,Salaried,Health,60+,High,59508.21,Monthly,5,Claim Rejected,0.0
10426,2023-06-15,Aanya Gupta,Other,55,West Zone,Ahmedabad,Salaried,Life,18-30,High,49231.01,Half-Yearly,1,No Claim,0.0
10177,2023-06-15,Anika Singh,Other,26,South Zone,Bangalore,Professional,Health,18-30,Middle,37939.91,Monthly,1,Claim Approved,43075.59
10076,2023-06-16,Sarita Gupta,Female,39,West Zone,Pune,Salaried,Health,31-45,Low,10499.78,Annual,2,Claim Filed,20994.77
10461,2023-06-16,Meera Joshi,Male,26,West Zone,Mumbai,Retired,Property,60+,Middle,25018.87,Quarterly,1,No Claim,0.0
10091,2023-06-17,Lakshmi Bajaj,Male,39,North Zone,Jaipur,Retired,Life,60+,Low,12962.44,Quarterly,3,No Claim,0.0
10301,2023-06-18,Myra Singh,Other,63,East Zone,Guwahati,Retired,Vehicle,60+,High,39127.44,Monthly,2,No Claim,0.0
10202,2023-06-19,Ishaan Shah,Female,55,East Zone,Bhubaneswar,Self-Employed,Life,31-45,High,47228.36,Monthly,2,Claim Approved,11178.5
10294,2023-06-20,Arjun Gupta,Male,39,South Zone,Kochi,Retired,Life,18-30,Low,9607.34,Annual,3,No Claim,0.0
10575,2023-06-23,Aditya Gupta,Female,26,Central Zone,Ujjain,Business,Vehicle,60+,Low,9472.49,Quarterly,3,Claim Rejected,0.0
10088,2023-06-25,Mahesh Khanna,Male,55,Central Zone,Ujjain,Retired,Health,18-30,High,55604.25,Monthly,2,No Claim,0.0
10553,2023-06-28,Avni Iyer,Male,39,Central Zone,Jabalpur,Professional,Vehicle,18-30,Middle,22512.46,Annual,5,No Claim,0.0
10462,2023-07-01,Sunita Verma,Male,39,West Zone,Ahmedabad,Professional,Property,60+,Middle,25785.3,Monthly,1,Claim Filed,48977.77
10502,2023-07-02,Myra Trivedi,Female,39,East Zone,Ranchi,Business,Property,60+,Low,20891.27,Half-Yearly,3,No Claim,0.0
10166,2023-07-02,Aarav Saxena,Male,26,East Zone,Guwahati,Business,Property,60+,Middle,29136.36,Half-Yearly,2,No Claim,0.0
10465,2023-07-03,Arnav Verma,Other,55,Central Zone,Gwalior,Business,Vehicle,60+,Middle,18259.91,Quarterly,2,No Claim,0.0
10280,2023-07-07,Kavita Gupta,Male,26,North Zone,Jaipur,Salaried,Vehicle,31-45,Low,5623.77,Monthly,3,Claim Approved,32959.88
10332,2023-07-10,Aarav Nair,Male,55,North Zone,Delhi,Retired,Property,31-45,Low,13704.42,Monthly,2,No Claim,0.0
10314,2023-07-14,Arnav Nair,Female,26,South Zone,Chennai,Salaried,Vehicle,31-45,Low,9337.09,Annual,5,No Claim,0.0
10255,2023-07-14,Meera Bajaj,Male,63,North Zone,Chandigarh,Self-Employed,Vehicle,60+,Low,5906.02,Monthly,2,Claim Rejected,0.0
10517,2023-07-14,Gopal Nair,Other,39,East Zone,Guwahati,Student,Property,46-60,Low,17346.79,Half-Yearly,1,No Claim,0.0
10275,2023-07-14,Sunita Verma,Male,63,West Zone,Surat,Self-Employed,Life,46-60,High,31352.09,Annual,2,No Claim,0.0
10061,2023-07-16,Raj Reddy,Female,55,Central Zone,Gwalior,Salaried,Vehicle,18-30,Low,8629.16,Half-Yearly,2,Claim Filed,43989.04
10548,2023-07-16,Aanya Verma,Female,63,North Zone,Kanpur,Business,Health,46-60,Middle,35374.94,Half-Yearly,1,No Claim,0.0
10274,2023-07-16,Kiara Desai,Female,26,South Zone,Chennai,Professional,Life,60+,Low,6678.15,Monthly,3,Claim Approved,10416.36
10486,2023-07-17,Arnav Chowdhury,Female,39,Central Zone,Ujjain,Retired,Vehicle,31-45,High,41950.95,Half-Yearly,2,Claim Filed,13181.79
10527,2023-07-21,Gopal Patel,Other,63,Central Zone,Ujjain,Retired,Property,18-30,Low,18372.57,Quarterly,5,No Claim,0.0
10589,2023-07-23,Lakshmi Bhatia,Other,55,West Zone,Pune,Student,Vehicle,60+,Low,7029.66,Monthly,2,No Claim,0.0
10023,2023-07-23,Kiara Desai,Female,63,Central Zone,Jabalpur,Business,Health,60+,Middle,38979.61,Monthly,2,Claim Rejected,0.0
10174,2023-07-23,Mahesh Malhotra,Female,26,North Zone,Jaipur,Retired,Health,31-45,Middle,38185.05,Monthly,5,Claim Rejected,0.0
10478,2023-07-24,Priya Khanna,Female,63,Central Zone,Gwalior,Student,Property,18-30,Middle,41314.91,Half-Yearly,2,Claim Rejected,0.0
10210,2023-07-25,Anika Kapoor,Male,26,West Zone,Pune,Retired,Property,60+,High,62626.02,Annual,1,No Claim,0.0
10408,2023-07-28,Priya Patel,Female,63,Central Zone,Ujjain,Professional,Life,46-60,High,49316.65,Monthly,2,No Claim,0.0
10354,2023-07-29,Sai Khanna,Male,55,Central Zone,Indore,Salaried,Life,46-60,Middle,20660.45,Monthly,2,Claim Filed,23608.24
10079,2023-08-03,Pari Saxena,Other,39,East Zone,Patna,Student,Property,60+,Low,16275.84,Annual,1,No Claim,0.0
10562,2023-08-04,Anil Rao,Female,26,North Zone,Lucknow,Self-Employed,Life,31-45,Low,10709.07,Quarterly,5,No Claim,0.0
10450,2023-08-04,Vivaan Gupta,Male,39,East Zone,Guwahati,Retired,Health,46-60,Low,13791.21,Half-Yearly,3,No Claim,0.0
10406,2023-08-04,Arnav Khanna,Other,55,South Zone,Bangalore,Salaried,Life,46-60,Low,8076.79,Quarterly,2,No Claim,0.0
10108,2023-08-05,Kiara Kapoor,Other,55,East Zone,Guwahati,Student,Health,46-60,High,51010.63,Monthly,2,Claim Rejected,0.0
10207,2023-08-05,Myra Shah,Female,39,East Zone,Bhubaneswar,Student,Health,31-45,Low,11755.03,Monthly,5,Claim Rejected,0.0
10111,2023-08-06,Rajesh Trivedi,Other,39,Central Zone,Bhopal,Student,Property,31-45,Middle,25451.29,Quarterly,1,No Claim,0.0
10298,2023-08-07,Pooja Nair,Female,55,East Zone,Kolkata,Student,Health,46-60,Middle,30767.9,Quarterly,5,No Claim,0.0
10572,2023-08-07,Lakshmi Nair,Male,39,Central Zone,Gwalior,Self-Employed,Property,46-60,Middle,34640.35,Half-Yearly,5,Claim Approved,39099.95
10374,2023-08-07,Rahul Singh,Female,63,North Zone,Kanpur,Professional,Health,60+,Low,11764.44,Half-Yearly,2,Claim Approved,33604.04
10246,2023-08-08,Vikram Nair,Other,63,East Zone,Patna,Retired,Property,18-30,High,53929.81,Quarterly,3,Claim Filed,20484.12
10039,2023-08-09,Sunita Mukherjee,Male,39,East Zone,Kolkata,Self-Employed,Life,31-45,Middle,20897.21,Monthly,1,Claim Approved,15661.58
10316,2023-08-11,Anika Sharma,Female,39,West Zone,Ahmedabad,Retired,Life,18-30,Low,8301.56,Monthly,3,No Claim,0.0
10017,2023-08-12,Anil Iyer,Female,55,Central Zone,Ujjain,Retired,Property,31-45,High,48173.61,Annual,2,Claim Filed,10547.77
10098,2023-08-13,Rahul Singh,Other,26,Central Zone,Jabalpur,Retired,Property,60+,Low,17705.62,Quarterly,3,No Claim,0.0
10129,2023-08-13,Sunita Menon,Other,26,North Zone,Chandigarh,Salaried,Health,46-60,High,48006.26,Monthly,1,No Claim,0.0
10230,2023-08-14,Saanvi Saxena,Other,55,South Zone,Hyderabad,Professional,Life,31-45,Low,11710.13,Quarterly,1,Claim Filed,36366.09
10028,2023-08-14,Kiara Verma,Other,26,Central Zone,Bhopal,Self-Employed,Property,31-45,Middle,38408.69,Monthly,5,No Claim,0.0
10477,2023-08-16,Pari Iyer,Male,39,East Zone,Patna,Retired,Health,60+,High,42387.62,Annual,1,Claim Filed,19752.93
10006,2023-08-17,Arnav Desai,Male,55,East Zone,Patna,Business,Health,60+,High,59195.82,Half-Yearly,2,Claim Approved,7191.27
10483,2023-08-17,Mahesh Pillai,Female,63,West Zone,Surat,Student,Health,18-30,High,46800.09,Monthly,2,Claim Approved,44134.24
10222,2023-08-19,Diya Joshi,Other,63,West Zone,Nagpur,Business,Health,60+,High,43783.92,Annual,1,No Claim,0.0
10588,2023-08-19,Neha Nair,Male,39,West Zone,Mumbai,Professional,Vehicle,46-60,High,43651.33,Annual,2,No Claim,0.0
10066,2023-08-22,Neha Shah,Female,55,Central Zone,Indore,Student,Property,31-45,Low,18228.83,Monthly,3,No Claim,0.0
10482,2023-08-22,Priya Kumar,Female,55,East Zone,Guwahati,Retired,Life,18-30,High,47090.95,Monthly,2,No Claim,0.0
10236,2023-08-23,Arnav Reddy,Female,55,North Zone,Lucknow,Retired,Property,46-60,High,46179.92,Half-Yearly,3,Claim Filed,48263.75
10102,2023-08-23,Arnav Iyer,Other,39,West Zone,Mumbai,Professional,Health,31-45,Low,16815.3,Monthly,2,No Claim,0.0
10228,2023-08-24,Pooja Malhotra,Other,55,East Zone,Bhubaneswar,Retired,Vehicle,60+,High,27108.03,Annual,5,No Claim,0.0
10018,2023-08-27,Rani Nair,Female,26,East Zone,Bhubaneswar,Student,Health,31-45,Middle,30371.23,Monthly,5,No Claim,0.0
10069,2023-08-27,Aanya Trivedi,Female,39,West Zone,Surat,Salaried,Life,18-30,High,32704.35,Quarterly,2,No Claim,0.0
10585,2023-08-29,Vivaan Malhotra,Male,55,South Zone,Bangalore,Salaried,Life,46-60,High,37539.72,Quarterly,1,No Claim,0.0
10337,2023-08-29,Anika Malhotra,Male,26,South Zone,Bangalore,Student,Life,18-30,Low,12694.43,Half-Yearly,5,No Claim,0.0
10293,2023-08-31,Myra Menon,Other,39,South Zone,Bangalore,Salaried,Property,31-45,High,45247.77,Annual,3,Claim Filed,40012.08
10460,2023-08-31,Pihu Iyer,Male,26,North Zone,Delhi,Business,Vehicle,60+,High,27469.0,Monthly,1,Claim Approved,14269.1
10242,2023-09-01,Aditya Shah,Male,26,South Zone,Kochi,Self-Employed,Life,60+,Low,8931.22,Annual,3,No Claim,0.0
10357,2023-09-02,Arjun Mehta,Male,39,North Zone,Delhi,Professional,Vehicle,60+,Middle,24304.49,Monthly,1,No Claim,0.0
10188,2023-09-03,Ananya Kapoor,Other,39,East Zone,Ranchi,Business,Vehicle,31-45,High,31049.33,Quarterly,2,No Claim,0.0
10190,2023-09-04,Pihu Malhotra,Other,55,West Zone,Mumbai,Retired,Vehicle,18-30,Low,9000.62,Quarterly,1,No Claim,0.0
10252,2023-09-06,Ananya Rao,Other,39,South Zone,Bangalore,Self-Employed,Vehicle,60+,High,29999.46,Quarterly,2,Claim Filed,8301.38
10593,2023-09-08,Gopal Menon,Female,26,West Zone,Surat,Self-Employed,Life,31-45,Low,9064.17,Monthly,5,No Claim,0.0
10380,2023-09-08,Neha Malhotra,Other,39,East Zone,Kolkata,Self-Employed,Property,46-60,Middle,28933.76,Monthly,1,Claim Rejected,0.0
10005,2023-09-08,Aarav Desai,Male,26,East Zone,Ranchi,Self-Employed,Life,60+,Low,13780.34,Quarterly,1,Claim Approved,30104.32
10090,2023-09-08,Ayaan Singh,Male,63,North Zone,Lucknow,Business,Health,46-60,Middle,33899.06,Half-Yearly,3,Claim Filed,30532.59
10120,2023-09-10,Aditya Reddy,Female,26,North Zone,Chandigarh,Student,Health,18-30,High,46128.31,Annual,2,No Claim,0.0
10341,2023-09-10,Neha Menon,Male,55,South Zone,Bangalore,Self-Employed,Life,60+,Middle,28322.87,Quarterly,1,Claim Approved,13964.89
10221,2023-09-11,Sai Sharma,Male,39,Central Zone,Jabalpur,Self-Employed,Life,46-60,Low,10489.1,Monthly,2,No Claim,0.0
10273,2023-09-12,Reyansh Singh,Male,26,North Zone,Delhi,Professional,Vehicle,60+,High,41877.59,Monthly,3,Claim Filed,38403.15
10469,2023-09-12,Suresh Singh,Male,63,South Zone,Coimbatore,Self-Employed,Life,31-45,High,44625.01,Quarterly,2,No Claim,0.0
10283,2023-09-13,Siddharth Bhatia,Other,39,West Zone,Mumbai,Retired,Property,60+,Low,10533.85,Monthly,1,No Claim,0.0
10452,2023-09-13,Lakshmi Bhatia,Male,26,Central Zone,Jabalpur,Student,Life,31-45,Middle,29509.07,Monthly,3,Claim Approved,37180.63
10414,2023-09-15,Ananya Verma,Female,39,South Zone,Chennai,Retired,Life,18-30,Low,8278.38,Half-Yearly,2,No Claim,0.0
10148,2023-09-15,Pari Trivedi,Other,39,Central Zone,Gwalior,Professional,Vehicle,31-45,High,29413.02,Monthly,3,Claim Filed,11215.64
10518,2023-09-18,Sunita Shah,Other,63,East Zone,Patna,Retired,Health,60+,High,50573.13,Annual,5,No Claim,0.0
10353,2023-09-25,Ayaan Kapoor,Other,55,North Zone,Kanpur,Student,Vehicle,60+,High,26748.93,Half-Yearly,3,No Claim,0.0
10501,2023-09-25,Amit Singh,Female,39,South Zone,Hyderabad,Retired,Property,18-30,Middle,26056.53,Annual,2,No Claim,0.0
10425,2023-09-26,Saanvi Kumar,Male,55,Central Zone,Jabalpur,Student,Vehicle,60+,Middle,15131.99,Half-Yearly,1,Claim Rejected,0.0
10123,2023-09-27,Siddharth Shah,Female,26,North Zone,Delhi,Retired,Vehicle,60+,Low,7307.95,Annual,5,No Claim,0.0
10164,2023-09-27,Reyansh Malhotra,Female,55,Central Zone,Bhopal,Business,Property,18-30,Middle,39586.2,Monthly,3,No Claim,0.0
10048,2023-09-28,Ishaan Menon,Male,26,North Zone,Jaipur,Retired,Property,60+,High,64560.65,Monthly,1,No Claim,0.0
10398,2023-09-28,Lakshmi Trivedi,Other,63,East Zone,Patna,Self-Employed,Property,46-60,Middle,37196.26,Annual,1,No Claim,0.0
10411,2023-09-28,Raj Singh,Male,39,South Zone,Coimbatore,Salaried,Property,31-45,High,67111.97,Annual,1,Claim Approved,29929.7
10376,2023-09-29,Sai Bhatia,Female,39,Central Zone,Indore,Professional,Health,46-60,Low,9782.08,Annual,1,No Claim,0.0
10504,2023-09-29,Pooja Rao,Female,63,East Zone,Kolkata,Retired,Health,31-45,High,50649.42,Monthly,3,No Claim,0.0
10305,2023-09-29,Diya Verma,Male,63,East Zone,Patna,Business,Health,18-30,High,46746.61,Monthly,5,Claim Approved,42238.57
10358,2023-09-29,Meera Patel,Other,26,North Zone,Chandigarh,Retired,Life,46-60,High,37046.54,Annual,1,Claim Approved,6939.5
10203,2023-09-29,Lakshmi Khanna,Male,26,East Zone,Kolkata,Business,Health,60+,Low,19428.64,Annual,2,Claim Approved,19797.02
10118,2023-09-29,Neha Verma,Other,55,North Zone,Lucknow,Professional,Property,31-45,Middle,30375.95,Half-Yearly,3,No Claim,0.0
10155,2023-10-01,Vihaan Kumar,Male,39,North Zone,Jaipur,Professional,Vehicle,31-45,High,44531.22,Annual,1,No Claim,0.0
10081,2023-10-01,Sai Desai,Other,63,West Zone,Pune,Professional,Life,18-30,High,41875.61,Half-Yearly,5,Claim Approved,30901.7
10470,2023-10-01,Diya Singh,Other,63,East Zone,Patna,Professional,Life,46-60,Low,12697.47,Quarterly,2,No Claim,0.0
10106,2023-10-02,Saanvi Trivedi,Other,26,Central Zone,Jabalpur,Professional,Vehicle,60+,Low,6301.55,Quarterly,2,Claim Approved,9113.99
10094,2023-10-04,Gopal Kumar,Other,63,West Zone,Pune,Professional,Property,31-45,Low,17322.67,Half-Yearly,3,No Claim,0.0
10403,2023-10-06,Rahul Rao,Other,26,Central Zone,Indore,Professional,Vehicle,60+,Low,3628.32,Monthly,3,Claim Filed,45987.18
10004,2023-10-09,Myra Malhotra,Other,63,West Zone,Surat,Professional,Vehicle,31-45,High,36320.37,Quarterly,2,No Claim,0.0
10419,2023-10-11,Lakshmi Rao,Other,39,East Zone,Guwahati,Salaried,Life,31-45,Low,13808.95,Quarterly,2,No Claim,0.0
10072,2023-10-12,Vivaan Desai,Female,39,East Zone,Ranchi,Retired,Vehicle,31-45,Low,4111.16,Monthly,2,No Claim,0.0
10037,2023-10-12,Raj Iyer,Other,39,East Zone,Guwahati,Business,Vehicle,31-45,Low,8100.59,Monthly,1,No Claim,0.0
10031,2023-10-12,Myra Joshi,Female,55,North Zone,Lucknow,Salaried,Life,18-30,Low,9896.44,Monthly,3,No Claim,0.0
10243,2023-10-13,Aditya Kumar,Other,55,West Zone,Surat,Salaried,Property,31-45,Low,12088.81,Monthly,3,No Claim,0.0
10489,2023-10-13,Kiara Saxena,Other,26,East Zone,Kolkata,Professional,Life,31-45,Low,10353.48,Annual,1,No Claim,0.0
10281,2023-10-13,Meera Bhatia,Other,26,East Zone,Guwahati,Professional,Property,60+,High,62967.95,Monthly,3,Claim Rejected,0.0
10491,2023-10-13,Rani Desai,Female,39,South Zone,Kochi,Self-Employed,Property,46-60,Low,13176.19,Half-Yearly,2,Claim Rejected,0.0
10404,2023-10-16,Meera Nair,Other,63,North Zone,Kanpur,Retired,Health,46-60,Middle,20120.94,Half-Yearly,2,Claim Filed,26773.71
10578,2023-10-18,Anika Shah,Female,63,North Zone,Kanpur,Salaried,Vehicle,31-45,Middle,19155.45,Annual,1,No Claim,0.0
10382,2023-10-19,Ishaan Menon,Other,55,East Zone,Guwahati,Self-Employed,Property,60+,Low,14498.46,Monthly,2,No Claim,0.0
10307,2023-10-20,Aditya Malhotra,Male,63,West Zone,Mumbai,Professional,Life,31-45,Middle,19617.29,Annual,2,No Claim,0.0
10561,2023-10-21,Pari Pillai,Other,63,South Zone,Hyderabad,Student,Vehicle,46-60,Low,7043.29,Monthly,2,No Claim,0.0
10067,2023-10-24,Sunita Shah,Female,55,Central Zone,Gwalior,Business,Health,46-60,High,48054.79,Quarterly,1,Claim Filed,28382.53
10056,2023-10-28,Vikram Sharma,Other,26,South Zone,Chennai,Business,Vehicle,46-60,Middle,15012.89,Half-Yearly,2,No Claim,0.0
10159,2023-10-28,Aarav Bajaj,Male,26,West Zone,Mumbai,Self-Employed,Vehicle,46-60,Low,8473.24,Quarterly,3,No Claim,0.0
10545,2023-10-30,Mahesh Mukherjee,Other,55,North Zone,Kanpur,Retired,Life,60+,High,46749.45,Quarterly,1,No Claim,0.0
10315,2023-10-31,Krishna Bajaj,Other,63,West Zone,Ahmedabad,Student,Life,46-60,High,39859.14,Half-Yearly,5,Claim Rejected,0.0
10170,2023-11-02,Ananya Shah,Female,26,Central Zone,Gwalior,Professional,Health,46-60,High,44644.49,Annual,2,No Claim,0.0
10394,2023-11-03,Vikram Gupta,Male,63,Central Zone,Indore,Professional,Property,31-45,High,62096.75,Annual,3,No Claim,0.0
10537,2023-11-04,Ishaan Pillai,Male,55,East Zone,Kolkata,Student,Vehicle,18-30,Low,6395.13,Annual,2,No Claim,0.0
10363,2023-11-04,Ayaan Gupta,Female,26,Central Zone,Gwalior,Business,Property,46-60,Middle,27173.65,Half-Yearly,3,No Claim,0.0
10556,2023-11-05,Amit Mehta,Female,39,East Zone,Guwahati,Self-Employed,Property,60+,High,66099.84,Monthly,1,No Claim,0.0
10387,2023-11-06,Raj Bajaj,Other,26,South Zone,Hyderabad,Student,Property,18-30,Low,13061.31,Half-Yearly,3,No Claim,0.0
10560,2023-11-08,Anil Malhotra,Male,55,Central Zone,Ujjain,Salaried,Health,60+,Middle,28981.57,Quarterly,3,No Claim,0.0
10481,2023-11-09,Gopal Mehta,Male,39,North Zone,Lucknow,Salaried,Life,46-60,High,39468.71,Annual,5,No Claim,0.0
10187,2023-11-11,Mahesh Kapoor,Other,63,South Zone,Chennai,Self-Employed,Life,31-45,High,46176.53,Annual,3,Claim Approved,44396.99
10446,2023-11-12,Arnav Menon,Male,26,North Zone,Lucknow,Professional,Vehicle,18-30,High,28728.4,Monthly,1,No Claim,0.0
10539,2023-11-13,Priya Singh,Female,63,East Zone,Patna,Retired,Life,60+,Low,10180.1,Monthly,1,No Claim,0.0
10587,2023-11-14,Gopal Pillai,Other,63,South Zone,Coimbatore,Salaried,Property,46-60,Low,11195.73,Quarterly,1,Claim Filed,35740.14
10212,2023-11-16,Meera Kumar,Male,26,Central Zone,Bhopal,Professional,Health,60+,Low,11027.78,Half-Yearly,2,No Claim,0.0
10321,2023-11-18,Avni Pillai,Male,63,North Zone,Lucknow,Professional,Health,31-45,Low,11576.79,Monthly,3,No Claim,0.0
10510,2023-11-18,Mahesh Kapoor,Male,55,North Zone,Chandigarh,Professional,Health,60+,High,54552.62,Half-Yearly,1,No Claim,0.0
10534,2023-11-18,Rajesh Reddy,Other,55,Central Zone,Ujjain,Student,Health,31-45,Low,19046.43,Half-Yearly,3,No Claim,0.0
10356,2023-11-18,Arnav Malhotra,Other,63,South Zone,Chennai,Business,Property,31-45,Middle,44112.99,Half-Yearly,1,No Claim,0.0
10110,2023-11-19,Suresh Nair,Female,63,Central Zone,Gwalior,Business,Property,46-60,Middle,42931.49,Quarterly,5,Claim Filed,13833.24
10365,2023-11-20,Pooja Pillai,Other,63,South Zone,Chennai,Professional,Property,60+,Middle,32632.33,Half-Yearly,2,Claim Approved,39885.55
10104,2023-11-20,Raj Bajaj,Male,26,North Zone,Delhi,Retired,Vehicle,46-60,Low,9590.32,Monthly,5,Claim Rejected,0.0
10352,2023-11-20,Priya Joshi,Male,63,East Zone,Ranchi,Business,Vehicle,60+,High,35940.91,Half-Yearly,1,No Claim,0.0
10567,2023-11-26,Saanvi Kapoor,Male,39,Central Zone,Gwalior,Retired,Health,60+,Low,19595.29,Quarterly,1,No Claim,0.0
10182,2023-11-28,Ishaan Desai,Other,26,West Zone,Nagpur,Retired,Vehicle,46-60,Low,3437.02,Monthly,3,No Claim,0.0
10100,2023-11-29,Siddharth Sharma,Male,26,South Zone,Chennai,Retired,Vehicle,60+,Low,6473.67,Monthly,2,No Claim,0.0
10542,2023-12-01,Aanya Nair,Female,39,North Zone,Lucknow,Professional,Vehicle,18-30,Low,6384.49,Monthly,2,No Claim,0.0
10488,2023-12-03,Pari Desai,Male,26,South Zone,Chennai,Business,Health,60+,Low,9986.0,Monthly,3,Claim Filed,36797.19
10532,2023-12-05,Aditya Kumar,Female,39,South Zone,Coimbatore,Retired,Life,60+,Low,9747.69,Half-Yearly,1,No Claim,0.0
10239,2023-12-05,Amit Desai,Other,39,West Zone,Surat,Professional,Health,60+,High,44975.84,Monthly,3,Claim Approved,47392.62
10498,2023-12-06,Priya Sharma,Male,39,North Zone,Lucknow,Student,Property,46-60,Low,23952.48,Annual,1,No Claim,0.0
10466,2023-12-07,Rajesh Verma,Other,39,Central Zone,Indore,Professional,Property,31-45,High,48828.61,Half-Yearly,3,No Claim,0.0
10422,2023-12-08,Aarav Shah,Male,55,Central Zone,Bhopal,Student,Property,60+,Middle,29539.57,Half-Yearly,1,Claim Approved,38475.73
10583,2023-12-10,Arjun Patel,Other,26,East Zone,Ranchi,Retired,Vehicle,60+,Middle,17721.13,Monthly,3,Claim Filed,9481.09
10040,2023-12-11,Lakshmi Bajaj,Other,39,South Zone,Hyderabad,Professional,Vehicle,60+,High,26939.31,Annual,3,Claim Approved,13056.42
10224,2023-12-13,Aanya Desai,Female,26,South Zone,Coimbatore,Student,Life,18-30,Middle,24064.69,Annual,5,Claim Approved,25740.43
10271,2023-12-14,Neha Rao,Male,39,North Zone,Lucknow,Self-Employed,Vehicle,60+,High,25004.54,Quarterly,1,No Claim,0.0
10036,2023-12-15,Siddharth Bhatia,Female,26,East Zone,Ranchi,Student,Life,31-45,Middle,23990.4,Quarterly,1,No Claim,0.0
10157,2023-12-15,Ishaan Chowdhury,Other,63,North Zone,Kanpur,Professional,Vehicle,31-45,High,43690.88,Annual,3,No Claim,0.0
10407,2023-12-18,Rahul Bhatia,Male,55,North Zone,Jaipur,Business,Vehicle,60+,High,43521.19,Annual,2,Claim Filed,12276.25
10046,2023-12-19,Vikram Trivedi,Other,63,West Zone,Pune,Salaried,Property,18-30,High,52015.02,Quarterly,1,No Claim,0.0
10509,2023-12-20,Aditya Desai,Female,55,East Zone,Bhubaneswar,Self-Employed,Property,18-30,High,69245.47,Monthly,2,No Claim,0.0
10378,2023-12-24,Rahul Khanna,Male,26,Central Zone,Gwalior,Retired,Life,60+,High,46287.68,Half-Yearly,1,No Claim,0.0
10480,2023-12-25,Ananya Mehta,Other,63,North Zone,Delhi,Self-Employed,Life,18-30,High,37872.71,Monthly,3,No Claim,0.0
10492,2023-12-26,Sarita Kapoor,Female,26,North Zone,Kanpur,Retired,Vehicle,46-60,Low,3290.48,Half-Yearly,1,Claim Filed,19493.04
10260,2023-12-29,Rani Sharma,Male,39,Central Zone,Jabalpur,Student,Life,18-30,Low,9189.7,Annual,5,Claim Filed,25611.29
10455,2023-12-29,Vihaan Nair,Male,63,East Zone,Kolkata,Student,Property,18-30,High,56877.51,Monthly,2,Claim Rejected,0.0
10078,2023-12-30,Suresh Khanna,Other,39,East Zone,Bhubaneswar,Student,Health,31-45,Middle,29676.05,Annual,3,No Claim,0.0
10449,2024-01-02,Gopal Gupta,Other,39,West Zone,Nagpur,Salaried,Vehicle,31-45,Low,5043.38,Half-Yearly,5,Claim Filed,38687.39
10045,2024-01-03,Neha Iyer,Male,55,East Zone,Ranchi,Business,Health,31-45,Low,8872.82,Annual,1,No Claim,0.0
10059,2024-01-06,Aanya Singh,Other,39,South Zone,Bangalore,Business,Life,60+,Low,10783.6,Annual,5,No Claim,0.0
10128,2024-01-06,Avni Trivedi,Male,26,West Zone,Mumbai,Business,Property,31-45,Low,14249.27,Monthly,2,No Claim,0.0
10186,2024-01-07,Rajesh Mehta,Male,39,South Zone,Coimbatore,Professional,Vehicle,46-60,High,31338.85,Monthly,5,No Claim,0.0
10528,2024-01-08,Aarav Rao,Female,39,West Zone,Ahmedabad,Self-Employed,Vehicle,60+,High,31940.05,Half-Yearly,3,No Claim,0.0
10075,2024-01-09,Ayaan Sharma,Female,26,West Zone,Surat,Professional,Property,18-30,Low,24872.99,Monthly,1,Claim Rejected,0.0
10447,2024-01-09,Meera Singh,Female,55,North Zone,Jaipur,Salaried,Property,46-60,High,63734.24,Quarterly,1,Claim Approved,29556.32
10439,2024-01-14,Ishaan Kapoor,Other,26,West Zone,Pune,Student,Health,60+,High,54832.55,Quarterly,3,No Claim,0.0
10381,2024-01-14,Rahul Kumar,Female,26,South Zone,Chennai,Retired,Life,31-45,Low,7374.83,Annual,2,No Claim,0.0
10077,2024-01-15,Avni Gupta,Female,63,South Zone,Coimbatore,Salaried,Property,31-45,Middle,38384.38,Quarterly,1,No Claim,0.0
10216,2024-01-18,Anil Bhatia,Female,55,Central Zone,Indore,Student,Vehicle,31-45,High,34509.51,Quarterly,5,No Claim,0.0
10176,2024-01-18,Myra Saxena,Male,55,South Zone,Kochi,Retired,Health,31-45,High,55025.58,Annual,1,No Claim,0.0
10053,2024-01-23,Amit Trivedi,Female,55,North Zone,Kanpur,Business,Health,46-60,High,47986.65,Half-Yearly,3,Claim Approved,23435.28
10093,2024-01-24,Anika Khanna,Male,55,East Zone,Guwahati,Salaried,Property,60+,Low,19151.62,Quarterly,1,No Claim,0.0
10551,2024-01-24,Rahul Singh,Male,55,Central Zone,Gwalior,Professional,Property,31-45,Middle,27384.21,Annual,2,Claim Approved,6640.75
10302,2024-01-24,Suresh Shah,Male,26,South Zone,Hyderabad,Student,Life,60+,High,36911.59,Quarterly,1,Claim Filed,5314.2
10071,2024-01-25,Priya Joshi,Other,55,South Zone,Bangalore,Self-Employed,Health,18-30,Middle,22660.2,Quarterly,3,No Claim,0.0
10043,2024-01-25,Suresh Sharma,Other,26,North Zone,Jaipur,Business,Life,31-45,High,40938.58,Annual,1,No Claim,0.0
10144,2024-01-26,Raj Shah,Female,63,West Zone,Pune,Salaried,Life,31-45,Low,13797.52,Annual,3,Claim Approved,7214.94
10474,2024-01-27,Rani Patel,Male,39,North Zone,Kanpur,Self-Employed,Vehicle,46-60,High,37969.29,Monthly,3,No Claim,0.0
10515,2024-01-30,Meera Khanna,Male,55,North Zone,Kanpur,Professional,Vehicle,31-45,Low,7363.66,Annual,1,Claim Rejected,0.0
10143,2024-01-30,Priya Bajaj,Female,63,North Zone,Jaipur,Self-Employed,Vehicle,60+,Low,5010.55,Annual,1,No Claim,0.0
10304,2024-02-04,Amit Malhotra,Male,26,Central Zone,Jabalpur,Self-Employed,Vehicle,18-30,High,29695.09,Monthly,1,Claim Filed,41849.12
10359,2024-02-10,Lakshmi Chowdhury,Female,39,West Zone,Surat,Self-Employed,Health,31-45,Low,10149.14,Half-Yearly,2,No Claim,0.0
10114,2024-02-10,Diya Shah,Other,63,North Zone,Chandigarh,Self-Employed,Life,60+,Low,10969.45,Monthly,2,Claim Filed,41457.25
10127,2024-02-13,Ayaan Singh,Other,55,East Zone,Patna,Professional,Property,60+,Middle,29279.89,Annual,2,No Claim,0.0
10487,2024-02-13,Rani Chowdhury,Female,26,East Zone,Patna,Retired,Health,60+,Low,13164.16,Monthly,2,No Claim,0.0
10213,2024-02-13,Raj Bajaj,Other,39,South Zone,Kochi,Self-Employed,Life,31-45,Low,13730.43,Annual,5,No Claim,0.0
10495,2024-02-14,Kiara Sharma,Female,55,Central Zone,Ujjain,Student,Health,46-60,Middle,33338.55,Monthly,1,No Claim,0.0
10299,2024-02-15,Aarav Trivedi,Female,55,Central Zone,Ujjain,Salaried,Vehicle,18-30,Middle,24882.03,Monthly,2,No Claim,0.0
10105,2024-02-15,Myra Iyer,Other,63,East Zone,Bhubaneswar,Professional,Property,46-60,Middle,28488.19,Quarterly,5,No Claim,0.0
10270,2024-02-17,Rani Gupta,Male,39,South Zone,Coimbatore,Professional,Vehicle,60+,High,33373.9,Half-Yearly,2,Claim Approved,14883.57
10543,2024-02-17,Vivaan Verma,Other,39,East Zone,Bhubaneswar,Professional,Health,18-30,High,48582.99,Monthly,3,Claim Rejected,0.0
10338,2024-02-18,Rajesh Bajaj,Female,55,North Zone,Jaipur,Retired,Health,18-30,High,58695.91,Half-Yearly,1,Claim Rejected,0.0
10557,2024-02-20,Siddharth Joshi,Male,26,West Zone,Nagpur,Salaried,Vehicle,31-45,Middle,13936.13,Half-Yearly,2,No Claim,0.0
10254,2024-02-21,Reyansh Mehta,Male,55,North Zone,Chandigarh,Professional,Vehicle,46-60,Low,7167.56,Monthly,3,No Claim,0.0
10295,2024-02-21,Anil Saxena,Male,39,West Zone,Ahmedabad,Self-Employed,Property,60+,Low,24832.61,Quarterly,3,Claim Filed,26745.44
10457,2024-02-21,Rajesh Kumar,Female,63,East Zone,Ranchi,Salaried,Property,60+,Middle,35500.99,Monthly,2,No Claim,0.0
10541,2024-02-23,Arjun Iyer,Female,39,Central Zone,Ujjain,Retired,Life,31-45,High,34732.2,Monthly,1,No Claim,0.0
10262,2024-02-25,Diya Joshi,Female,55,South Zone,Coimbatore,Business,Health,31-45,Low,17025.37,Quarterly,2,Claim Approved,28079.36
10467,2024-02-26,Sai Chowdhury,Male,39,East Zone,Bhubaneswar,Professional,Property,31-45,High,63202.91,Half-Yearly,1,Claim Rejected,0.0
10463,2024-02-27,Raj Mukherjee,Male,55,East Zone,Ranchi,Self-Employed,Property,46-60,High,51058.84,Annual,5,No Claim,0.0
10598,2024-02-29,Saanvi Patel,Male,39,North Zone,Kanpur,Salaried,Life,18-30,High,32625.76,Half-Yearly,3,No Claim,0.0
10027,2024-03-05,Vihaan Joshi,Male,63,East Zone,Guwahati,Professional,Health,46-60,High,40083.75,Quarterly,3,Claim Rejected,0.0
10347,2024-03-05,Amit Shah,Male,63,West Zone,Mumbai,Salaried,Property,60+,Low,12513.5,Annual,1,Claim Filed,18963.88
10549,2024-03-06,Krishna Kapoor,Male,26,Central Zone,Jabalpur,Student,Property,46-60,Middle,26238.93,Monthly,1,Claim Rejected,0.0
10279,2024-03-08,Lakshmi Khanna,Male,55,East Zone,Kolkata,Student,Vehicle,31-45,Middle,15232.48,Monthly,3,No Claim,0.0
10035,2024-03-08,Sunita Iyer,Other,39,Central Zone,Bhopal,Student,Property,31-45,High,47460.6,Half-Yearly,3,Claim Filed,48052.42
10013,2024-03-08,Raj Khanna,Male,55,West Zone,Nagpur,Business,Life,60+,High,48919.42,Annual,5,No Claim,0.0
10140,2024-03-08,Pooja Chowdhury,Male,63,West Zone,Mumbai,Self-Employed,Life,46-60,Middle,24945.41,Annual,3,Claim Filed,35558.0
10308,2024-03-09,Kavita Bhatia,Other,39,North Zone,Delhi,Self-Employed,Vehicle,18-30,High,29823.3,Quarterly,2,No Claim,0.0
10206,2024-03-09,Ishaan Malhotra,Other,26,South Zone,Hyderabad,Student,Vehicle,46-60,Low,8683.62,Annual,1,Claim Approved,47558.74
10261,2024-03-09,Rani Iyer,Male,39,Central Zone,Gwalior,Retired,Health,60+,Middle,25132.94,Quarterly,5,No Claim,0.0
10418,2024-03-09,Rani Rao,Female,39,South Zone,Bangalore,Salaried,Vehicle,60+,High,36948.58,Monthly,1,No Claim,0.0
10430,2024-03-13,Saanvi Shah,Other,63,South Zone,Hyderabad,Student,Vehicle,18-30,Low,9366.84,Half-Yearly,5,No Claim,0.0
10125,2024-03-14,Kiara Bhatia,Other,39,South Zone,Bangalore,Salaried,Life,60+,High,31755.76,Monthly,2,No Claim,0.0
10443,2024-03-16,Aanya Patel,Female,39,North Zone,Chandigarh,Business,Vehicle,46-60,Middle,16028.14,Quarterly,1,Claim Filed,35319.03
10563,2024-03-16,Priya Chowdhury,Male,55,East Zone,Kolkata,Salaried,Health,46-60,High,46648.53,Annual,3,No Claim,0.0
10259,2024-03-17,Krishna Mehta,Other,39,South Zone,Hyderabad,Professional,Health,18-30,High,56405.07,Monthly,2,Claim Approved,34193.62
10529,2024-03-17,Anika Rao,Female,55,Central Zone,Indore,Salaried,Health,31-45,Middle,38657.35,Monthly,1,Claim Filed,46519.03
10508,2024-03-20,Anika Trivedi,Other,55,North Zone,Kanpur,Business,Life,46-60,Middle,20696.06,Quarterly,5,Claim Approved,32773.74
10160,2024-03-21,Vikram Gupta,Other,63,West Zone,Mumbai,Self-Employed,Vehicle,46-60,Low,8361.01,Annual,2,No Claim,0.0
10521,2024-03-22,Priya Iyer,Male,63,East Zone,Kolkata,Retired,Health,46-60,Middle,23951.12,Quarterly,1,No Claim,0.0
10511,2024-03-22,Diya Patel,Other,63,South Zone,Coimbatore,Student,Vehicle,18-30,Middle,23839.06,Monthly,1,Claim Approved,39299.54
10384,2024-03-24,Rani Verma,Female,39,South Zone,Hyderabad,Salaried,Life,31-45,Low,11009.45,Quarterly,1,No Claim,0.0
10217,2024-03-24,Kavita Nair,Female,26,East Zone,Kolkata,Salaried,Life,60+,Middle,27736.47,Half-Yearly,5,No Claim,0.0
10427,2024-03-28,Aarav Chowdhury,Female,39,North Zone,Lucknow,Business,Life,18-30,Low,9448.52,Annual,1,No Claim,0.0
10569,2024-03-28,Vivaan Reddy,Other,39,West Zone,Ahmedabad,Business,Life,60+,Middle,24011.88,Half-Yearly,2,No Claim,0.0
10570,2024-03-28,Kavita Nair,Male,26,South Zone,Chennai,Retired,Life,31-45,Middle,25512.99,Annual,2,Claim Approved,17834.26
10285,2024-03-29,Raj Verma,Male,55,North Zone,Delhi,Professional,Property,18-30,Low,10807.46,Half-Yearly,2,No Claim,0.0
10029,2024-04-04,Aditya Bhatia,Other,26,North Zone,Chandigarh,Student,Property,18-30,High,61045.49,Monthly,3,No Claim,0.0
10277,2024-04-04,Aarav Mehta,Other,55,South Zone,Coimbatore,Student,Health,46-60,Low,13166.43,Quarterly,1,No Claim,0.0
10219,2024-04-07,Arjun Iyer,Male,63,East Zone,Kolkata,Business,Life,60+,High,33365.57,Half-Yearly,3,No Claim,0.0
10162,2024-04-09,Ananya Bhatia,Other,55,North Zone,Kanpur,Retired,Property,31-45,Middle,44312.78,Quarterly,5,Claim Approved,22709.99
10073,2024-04-09,Arjun Desai,Female,55,East Zone,Guwahati,Business,Health,60+,High,58985.46,Quarterly,1,No Claim,0.0
10306,2024-04-10,Vikram Mukherjee,Female,55,East Zone,Bhubaneswar,Professional,Property,18-30,High,45014.95,Monthly,2,No Claim,0.0
10597,2024-04-11,Diya Pillai,Other,63,East Zone,Ranchi,Student,Vehicle,46-60,Low,7364.54,Monthly,5,No Claim,0.0
10364,2024-04-13,Vikram Chowdhury,Female,39,North Zone,Kanpur,Business,Property,18-30,Low,24718.86,Monthly,1,No Claim,0.0
10368,2024-04-14,Vihaan Trivedi,Other,39,East Zone,Kolkata,Self-Employed,Vehicle,18-30,Middle,12190.32,Quarterly,1,No Claim,0.0
10116,2024-04-14,Raj Saxena,Female,63,East Zone,Ranchi,Self-Employed,Health,60+,Middle,34997.2,Annual,5,Claim Approved,46086.87
10050,2024-04-15,Rajesh Menon,Female,39,Central Zone,Bhopal,Student,Property,60+,High,51016.76,Quarterly,1,Claim Approved,44343.83
10479,2024-04-16,Rajesh Trivedi,Male,39,Central Zone,Bhopal,Student,Health,46-60,High,51946.25,Monthly,2,No Claim,0.0
10092,2024-04-18,Avni Kumar,Male,26,West Zone,Pune,Professional,Vehicle,18-30,High,39700.5,Half-Yearly,1,No Claim,0.0
10282,2024-04-18,Suresh Chowdhury,Other,39,South Zone,Kochi,Professional,Property,60+,High,47765.09,Annual,1,No Claim,0.0
10568,2024-04-21,Myra Desai,Male,63,South Zone,Coimbatore,Self-Employed,Health,18-30,High,59401.49,Annual,3,Claim Approved,43928.2
10263,2024-04-23,Pari Nair,Other,55,Central Zone,Gwalior,Student,Vehicle,18-30,Middle,14812.82,Annual,2,No Claim,0.0
10146,2024-04-24,Ishaan Kumar,Other,26,North Zone,Kanpur,Salaried,Life,18-30,Middle,28460.79,Quarterly,3,Claim Rejected,0.0
10476,2024-04-26,Rani Verma,Male,26,South Zone,Kochi,Professional,Property,46-60,Middle,42947.95,Half-Yearly,1,No Claim,0.0
10253,2024-04-29,Kiara Bhatia,Other,63,Central Zone,Ujjain,Retired,Vehicle,60+,Middle,19947.19,Half-Yearly,5,No Claim,0.0
10251,2024-04-29,Meera Desai,Other,63,North Zone,Kanpur,Self-Employed,Property,18-30,Middle,44654.79,Monthly,2,No Claim,0.0
10574,2024-04-29,Sarita Verma,Male,39,South Zone,Coimbatore,Self-Employed,Health,60+,Middle,26360.79,Half-Yearly,2,No Claim,0.0
10594,2024-05-01,Anil Gupta,Other,26,West Zone,Pune,Salaried,Health,46-60,Middle,37596.75,Monthly,2,No Claim,0.0
10200,2024-05-01,Vihaan Bajaj,Male,55,North Zone,Kanpur,Student,Health,60+,Low,11744.77,Quarterly,1,No Claim,0.0
10325,2024-05-03,Sarita Mukherjee,Other,39,South Zone,Chennai,Business,Health,18-30,High,52698.13,Quarterly,1,No Claim,0.0
10297,2024-05-07,Meera Kumar,Female,55,North Zone,Lucknow,Student,Property,46-60,Middle,29972.1,Quarterly,3,No Claim,0.0
10296,2024-05-12,Siddharth Kumar,Female,55,East Zone,Patna,Business,Property,18-30,Middle,44737.92,Annual,3,Claim Filed,38955.62
10194,2024-05-12,Rani Singh,Male,63,Central Zone,Bhopal,Self-Employed,Health,60+,Middle,38900.48,Annual,1,No Claim,0.0
10245,2024-05-12,Aarav Khanna,Male,26,South Zone,Coimbatore,Salaried,Health,31-45,Middle,39515.58,Monthly,1,Claim Approved,21611.13
10312,2024-05-13,Diya Iyer,Other,26,Central Zone,Gwalior,Professional,Health,18-30,High,48347.9,Quarterly,1,Claim Approved,21959.01
10413,2024-05-15,Gopal Sharma,Female,55,South Zone,Chennai,Professional,Vehicle,46-60,High,28324.59,Annual,1,Claim Approved,46242.01
10183,2024-05-15,Pooja Mukherjee,Female,55,North Zone,Kanpur,Retired,Property,18-30,Low,17292.6,Monthly,1,No Claim,0.0
10132,2024-05-20,Suresh Malhotra,Male,55,South Zone,Chennai,Salaried,Life,18-30,Middle,24740.68,Annual,3,No Claim,0.0
10113,2024-05-26,Aditya Joshi,Male,55,West Zone,Surat,Student,Property,31-45,High,67266.46,Half-Yearly,5,No Claim,0.0
10165,2024-05-27,Kavita Kumar,Female,26,East Zone,Guwahati,Student,Health,18-30,Low,14900.73,Monthly,1,No Claim,0.0
10326,2024-05-29,Sarita Khanna,Female,39,North Zone,Lucknow,Student,Health,46-60,High,42476.92,Quarterly,5,No Claim,0.0
10019,2024-06-01,Krishna Trivedi,Female,55,East Zone,Patna,Business,Vehicle,46-60,Middle,13687.71,Quarterly,5,No Claim,0.0
10412,2024-06-01,Pihu Malhotra,Female,63,East Zone,Kolkata,Self-Employed,Life,46-60,Low,10345.59,Monthly,5,Claim Approved,13795.61
10375,2024-06-02,Amit Sharma,Female,39,South Zone,Coimbatore,Retired,Life,31-45,Low,8559.58,Quarterly,2,No Claim,0.0
10538,2024-06-03,Rani Khanna,Female,26,South Zone,Bangalore,Self-Employed,Vehicle,60+,Low,3597.82,Half-Yearly,2,Claim Approved,48760.76
10167,2024-06-03,Vihaan Menon,Female,26,East Zone,Bhubaneswar,Business,Vehicle,18-30,High,35089.12,Annual,3,No Claim,0.0
10172,2024-06-03,Vivaan Mukherjee,Female,63,East Zone,Guwahati,Salaried,Life,46-60,Low,7691.62,Quarterly,1,No Claim,0.0
10330,2024-06-04,Sai Nair,Other,39,North Zone,Chandigarh,Salaried,Vehicle,31-45,High,35892.62,Quarterly,3,Claim Approved,8503.54
10494,2024-06-05,Gopal Khanna,Other,39,East Zone,Patna,Business,Health,60+,High,57158.7,Quarterly,3,No Claim,0.0
10131,2024-06-05,Avni Bajaj,Other,39,East Zone,Bhubaneswar,Retired,Health,46-60,Middle,20277.24,Monthly,2,No Claim,0.0
10513,2024-06-07,Sarita Patel,Other,63,South Zone,Chennai,Student,Life,60+,Middle,17880.35,Annual,2,No Claim,0.0
10573,2024-06-07,Mahesh Malhotra,Other,63,West Zone,Ahmedabad,Salaried,Vehicle,60+,Middle,14228.78,Monthly,5,No Claim,0.0
10241,2024-06-10,Raj Singh,Male,39,West Zone,Pune,Retired,Health,60+,High,55510.11,Quarterly,1,No Claim,0.0
10579,2024-06-11,Lakshmi Patel,Male,26,North Zone,Lucknow,Self-Employed,Property,18-30,High,58660.18,Monthly,2,Claim Filed,16238.49
10218,2024-06-13,Diya Kapoor,Other,26,Central Zone,Indore,Business,Health,60+,Low,12600.77,Monthly,3,No Claim,0.0
10523,2024-06-16,Lakshmi Menon,Female,39,South Zone,Chennai,Self-Employed,Health,46-60,High,43715.54,Half-Yearly,3,Claim Rejected,0.0
10351,2024-06-19,Ishaan Kapoor,Other,55,East Zone,Patna,Student,Property,31-45,Middle,28115.47,Quarterly,2,No Claim,0.0
10204,2024-06-24,Ayaan Iyer,Female,39,North Zone,Chandigarh,Professional,Life,31-45,Low,11623.14,Annual,1,No Claim,0.0
10147,2024-06-25,Ayaan Verma,Other,63,North Zone,Kanpur,Student,Vehicle,18-30,High,30123.83,Quarterly,3,No Claim,0.0
10390,2024-06-25,Reyansh Patel,Male,63,North Zone,Kanpur,Salaried,Life,60+,Low,6801.59,Annual,3,No Claim,0.0
10327,2024-06-27,Avni Menon,Male,26,South Zone,Bangalore,Student,Vehicle,31-45,High,26410.71,Monthly,3,Claim Filed,45924.33
10179,2024-06-27,Rani Desai,Male,39,North Zone,Kanpur,Professional,Health,18-30,Low,19475.5,Annual,2,No Claim,0.0
10196,2024-06-29,Sunita Nair,Female,39,North Zone,Delhi,Retired,Health,18-30,High,50011.59,Quarterly,3,No Claim,0.0
10089,2024-06-30,Neha Mukherjee,Female,26,South Zone,Coimbatore,Self-Employed,Health,31-45,Middle,31277.86,Half-Yearly,2,Claim Filed,16752.31
10051,2024-07-03,Aanya Mukherjee,Female,63,Central Zone,Jabalpur,Student,Life,46-60,High,46612.46,Quarterly,1,No Claim,0.0
10276,2024-07-03,Anil Shah,Male,55,Central Zone,Jabalpur,Student,Property,60+,Middle,39480.58,Monthly,5,Claim Approved,46796.36
10497,2024-07-03,Anika Verma,Female,63,North Zone,Delhi,Business,Life,18-30,High,44384.9,Annual,1,No Claim,0.0
10154,2024-07-03,Pooja Kapoor,Other,63,North Zone,Delhi,Self-Employed,Health,46-60,Low,12928.19,Monthly,1,Claim Filed,14436.06
10373,2024-07-04,Amit Bhatia,Other,26,South Zone,Bangalore,Retired,Health,31-45,Middle,26695.78,Half-Yearly,1,No Claim,0.0
10524,2024-07-05,Pooja Khanna,Other,39,South Zone,Kochi,Self-Employed,Property,60+,High,47124.16,Annual,2,Claim Approved,24631.07
10122,2024-07-05,Priya Shah,Other,55,West Zone,Surat,Salaried,Property,60+,Low,16397.5,Quarterly,2,No Claim,0.0
10247,2024-07-06,Sunita Patel,Other,39,North Zone,Delhi,Self-Employed,Life,18-30,High,40410.88,Annual,3,Claim Approved,24829.92
10178,2024-07-06,Avni Kumar,Female,39,West Zone,Mumbai,Retired,Health,31-45,Middle,23656.27,Quarterly,3,Claim Rejected,0.0
10208,2024-07-06,Myra Singh,Other,55,East Zone,Ranchi,Student,Life,46-60,Low,13585.06,Annual,1,No Claim,0.0
10290,2024-07-07,Aditya Trivedi,Other,39,South Zone,Coimbatore,Salaried,Life,18-30,Middle,21662.75,Monthly,3,Claim Filed,35401.4
10319,2024-07-09,Priya Chowdhury,Female,39,West Zone,Nagpur,Salaried,Health,18-30,High,41204.54,Monthly,5,No Claim,0.0
10385,2024-07-10,Sarita Joshi,Other,26,West Zone,Pune,Student,Life,46-60,Low,11960.8,Annual,2,No Claim,0.0
10010,2024-07-12,Ananya Bhatia,Other,39,East Zone,Kolkata,Student,Life,46-60,High,40825.4,Monthly,3,No Claim,0.0
10026,2024-07-12,Meera Singh,Male,39,South Zone,Bangalore,Self-Employed,Life,46-60,Middle,16151.37,Monthly,3,No Claim,0.0
10437,2024-07-12,Lakshmi Kumar,Other,55,Central Zone,Gwalior,Self-Employed,Health,31-45,Low,17527.22,Quarterly,1,Claim Approved,47344.65
10558,2024-07-15,Siddharth Desai,Male,39,Central Zone,Ujjain,Self-Employed,Property,18-30,Low,16325.69,Half-Yearly,3,No Claim,0.0
10201,2024-07-16,Raj Singh,Male,26,Central Zone,Jabalpur,Business,Life,31-45,Low,13023.96,Monthly,3,No Claim,0.0
10286,2024-07-17,Ayaan Bajaj,Other,55,Central Zone,Indore,Salaried,Property,18-30,Middle,28797.51,Quarterly,1,Claim Approved,6753.1
10428,2024-07-18,Avni Saxena,Male,55,West Zone,Pune,Retired,Vehicle,60+,High,34780.97,Annual,3,No Claim,0.0
10055,2024-07-19,Reyansh Kapoor,Female,26,South Zone,Coimbatore,Professional,Health,60+,Middle,35983.16,Monthly,1,No Claim,0.0
10441,2024-07-19,Pooja Mehta,Female,26,Central Zone,Ujjain,Business,Vehicle,60+,Low,5765.37,Annual,1,No Claim,0.0
10149,2024-07-20,Vikram Desai,Male,63,East Zone,Kolkata,Salaried,Property,60+,Middle,42182.24,Monthly,2,Claim Filed,27502.62
10401,2024-07-20,Sarita Iyer,Female,26,North Zone,Delhi,Business,Health,18-30,Middle,22943.27,Annual,2,No Claim,0.0
10393,2024-07-21,Arnav Joshi,Male,55,West Zone,Ahmedabad,Self-Employed,Health,46-60,High,46858.59,Monthly,2,Claim Rejected,0.0
10227,2024-07-21,Saanvi Menon,Female,39,West Zone,Mumbai,Salaried,Life,31-45,Low,12093.89,Annual,3,No Claim,0.0
10546,2024-07-21,Sunita Mehta,Female,63,East Zone,Bhubaneswar,Student,Health,31-45,High,44796.4,Half-Yearly,2,Claim Approved,13773.12
10310,2024-07-23,Vivaan Joshi,Male,39,East Zone,Ranchi,Self-Employed,Vehicle,46-60,Middle,12806.86,Annual,1,Claim Approved,29999.73
10097,2024-07-24,Rajesh Khanna,Male,63,West Zone,Surat,Professional,Property,60+,Low,18989.49,Monthly,3,No Claim,0.0
10456,2024-07-27,Anil Kapoor,Other,26,West Zone,Ahmedabad,Salaried,Property,46-60,High,67448.88,Monthly,1,No Claim,0.0
10431,2024-07-28,Ananya Gupta,Other,26,North Zone,Lucknow,Professional,Property,46-60,Low,18534.33,Monthly,5,No Claim,0.0
10121,2024-07-28,Kavita Rao,Male,39,South Zone,Bangalore,Salaried,Health,46-60,Middle,31102.68,Annual,3,Claim Approved,31459.62
10022,2024-07-28,Avni Malhotra,Male,55,North Zone,Jaipur,Business,Health,18-30,Low,16211.77,Half-Yearly,2,No Claim,0.0
10370,2024-07-30,Raj Singh,Other,39,North Zone,Lucknow,Salaried,Life,31-45,High,48352.95,Quarterly,2,Claim Approved,44936.1
10350,2024-08-01,Kavita Mehta,Other,26,West Zone,Nagpur,Student,Life,46-60,Middle,24683.02,Annual,5,No Claim,0.0
10109,2024-08-03,Vikram Desai,Male,26,North Zone,Jaipur,Self-Employed,Life,18-30,High,38147.31,Quarterly,3,Claim Filed,28461.97
10191,2024-08-03,Pihu Shah,Male,26,North Zone,Lucknow,Self-Employed,Health,18-30,High,55293.02,Half-Yearly,3,No Claim,0.0
10555,2024-08-05,Pooja Singh,Male,63,West Zone,Ahmedabad,Salaried,Property,60+,High,46128.78,Quarterly,2,Claim Filed,24705.49
10340,2024-08-06,Anika Rao,Female,63,East Zone,Guwahati,Professional,Life,31-45,Low,13196.25,Quarterly,1,No Claim,0.0
10249,2024-08-07,Rahul Kapoor,Female,26,East Zone,Kolkata,Self-Employed,Health,60+,Middle,30110.42,Monthly,3,No Claim,0.0
10600,2024-08-12,Meera Nair,Male,26,North Zone,Lucknow,Salaried,Life,18-30,High,48176.53,Annual,3,No Claim,0.0
10516,2024-08-13,Rajesh Menon,Male,39,Central Zone,Gwalior,Business,Health,31-45,Middle,32049.38,Monthly,2,No Claim,0.0
10250,2024-08-13,Kavita Malhotra,Other,63,North Zone,Lucknow,Retired,Health,18-30,Middle,30155.16,Quarterly,5,Claim Approved,11226.72
10060,2024-08-14,Rajesh Gupta,Other,63,North Zone,Kanpur,Business,Health,46-60,Middle,36652.24,Annual,3,Claim Rejected,0.0
10342,2024-08-15,Arnav Joshi,Female,55,Central Zone,Bhopal,Salaried,Life,18-30,Low,7841.84,Quarterly,1,No Claim,0.0
10564,2024-08-16,Myra Joshi,Other,55,South Zone,Hyderabad,Self-Employed,Property,46-60,High,52888.33,Half-Yearly,3,Claim Approved,9798.06
10318,2024-08-16,Ananya Mehta,Female,26,East Zone,Bhubaneswar,Retired,Life,60+,Low,14534.03,Quarterly,5,No Claim,0.0
10503,2024-08-17,Aanya Singh,Other,55,North Zone,Chandigarh,Business,Property,31-45,High,48032.57,Annual,1,Claim Approved,18624.88
10440,2024-08-19,Arjun Trivedi,Other,55,South Zone,Hyderabad,Salaried,Property,31-45,Middle,41101.95,Monthly,3,Claim Filed,43026.78
10126,2024-08-20,Aarav Pillai,Male,55,North Zone,Delhi,Business,Life,18-30,High,33436.59,Annual,1,Claim Approved,28313.49
10349,2024-08-20,Ananya Kapoor,Male,63,Central Zone,Ujjain,Professional,Vehicle,18-30,High,39789.38,Annual,3,Claim Rejected,0.0
10324,2024-08-21,Saanvi Singh,Other,26,East Zone,Bhubaneswar,Salaried,Life,46-60,High,32449.96,Monthly,5,No Claim,0.0
10124,2024-08-21,Gopal Bajaj,Other,26,Central Zone,Jabalpur,Professional,Property,46-60,High,47039.37,Monthly,2,Claim Rejected,0.0
10226,2024-08-25,Arjun Desai,Female,26,Central Zone,Jabalpur,Professional,Property,18-30,Middle,41591.25,Quarterly,3,No Claim,0.0
10229,2024-08-25,Meera Shah,Other,26,South Zone,Hyderabad,Salaried,Property,60+,Middle,41777.08,Monthly,5,No Claim,0.0
10030,2024-08-26,Diya Gupta,Other,39,North Zone,Kanpur,Retired,Life,60+,Low,9107.89,Half-Yearly,2,No Claim,0.0
10012,2024-08-27,Raj Gupta,Other,39,Central Zone,Bhopal,Retired,Life,60+,Middle,15683.78,Annual,2,No Claim,0.0
10343,2024-08-31,Neha Saxena,Other,39,West Zone,Pune,Student,Health,31-45,Middle,25779.37,Half-Yearly,2,No Claim,0.0
10334,2024-09-01,Vikram Reddy,Other,55,North Zone,Kanpur,Professional,Life,31-45,Low,6688.1,Half-Yearly,5,No Claim,0.0
10507,2024-09-02,Krishna Chowdhury,Male,55,Central Zone,Ujjain,Professional,Vehicle,18-30,Low,4163.79,Half-Yearly,2,No Claim,0.0
10145,2024-09-02,Anika Shah,Male,63,Central Zone,Ujjain,Salaried,Life,18-30,Middle,18466.21,Quarterly,2,No Claim,0.0
10141,2024-09-02,Rajesh Trivedi,Other,63,East Zone,Kolkata,Retired,Life,46-60,Low,14317.4,Monthly,3,Claim Approved,49862.72
10181,2024-09-05,Gopal Kapoor,Male,63,East Zone,Kolkata,Business,Property,18-30,Low,15088.61,Monthly,3,No Claim,0.0
10020,2024-09-08,Suresh Nair,Female,55,South Zone,Chennai,Salaried,Property,18-30,Middle,32162.79,Monthly,1,No Claim,0.0
10047,2024-09-10,Vikram Kapoor,Female,63,Central Zone,Indore,Professional,Life,18-30,Middle,20249.07,Annual,5,No Claim,0.0
10405,2024-09-11,Avni Chowdhury,Female,55,Central Zone,Ujjain,Salaried,Property,31-45,High,48081.19,Annual,5,No Claim,0.0
10512,2024-09-12,Myra Reddy,Female,26,West Zone,Ahmedabad,Retired,Life,18-30,Middle,23875.75,Quarterly,3,No Claim,0.0
10565,2024-09-13,Arnav Gupta,Other,26,South Zone,Hyderabad,Business,Life,46-60,Middle,20501.97,Quarterly,1,Claim Approved,9477.26
10205,2024-09-13,Pari Bhatia,Female,55,West Zone,Nagpur,Retired,Property,46-60,Low,21277.38,Annual,1,No Claim,0.0
10173,2024-09-15,Kavita Singh,Other,26,South Zone,Hyderabad,Self-Employed,Vehicle,18-30,Low,4390.42,Half-Yearly,2,Claim Approved,40252.42
10086,2024-09-15,Arnav Saxena,Female,55,West Zone,Ahmedabad,Retired,Vehicle,46-60,Middle,10377.99,Half-Yearly,3,No Claim,0.0
10595,2024-09-17,Ananya Nair,Male,39,South Zone,Kochi,Professional,Vehicle,46-60,Low,7540.78,Monthly,3,No Claim,0.0
10388,2024-09-18,Anika Malhotra,Female,39,East Zone,Bhubaneswar,Professional,Property,60+,Low,17035.61,Half-Yearly,2,No Claim,0.0
10554,2024-09-22,Lakshmi Mukherjee,Male,39,South Zone,Coimbatore,Retired,Vehicle,46-60,High,27359.45,Annual,2,No Claim,0.0
10058,2024-09-25,Mahesh Khanna,Male,63,East Zone,Guwahati,Student,Property,31-45,Low,16300.17,Annual,1,Claim Rejected,0.0
10345,2024-09-26,Vihaan Bajaj,Male,63,East Zone,Bhubaneswar,Self-Employed,Life,31-45,High,40891.11,Monthly,1,Claim Rejected,0.0
10582,2024-09-26,Raj Nair,Other,26,Central Zone,Ujjain,Business,Health,18-30,Middle,31184.36,Quarterly,1,No Claim,0.0
10458,2024-09-27,Pari Malhotra,Female,39,Central Zone,Indore,Salaried,Health,60+,Middle,34145.58,Quarterly,5,No Claim,0.0
10369,2024-09-28,Siddharth Kumar,Female,26,South Zone,Kochi,Student,Life,60+,Low,14380.64,Quarterly,2,No Claim,0.0
10533,2024-09-30,Aarav Menon,Other,55,Central Zone,Gwalior,Self-Employed,Vehicle,60+,Low,5354.26,Monthly,3,Claim Rejected,0.0
10169,2024-10-02,Siddharth Reddy,Male,63,North Zone,Chandigarh,Salaried,Health,31-45,Middle,32904.37,Monthly,1,Claim Filed,38534.66
10137,2024-10-04,Avni Mehta,Female,63,North Zone,Lucknow,Retired,Health,46-60,High,43075.67,Monthly,3,No Claim,0.0
10057,2024-10-05,Amit Saxena,Other,63,Central Zone,Jabalpur,Salaried,Health,18-30,Low,16770.44,Half-Yearly,1,No Claim,0.0
10599,2024-10-06,Avni Bajaj,Other,39,West Zone,Nagpur,Professional,Property,18-30,Low,14645.38,Annual,2,Claim Approved,14080.77
10234,2024-10-08,Sunita Verma,Female,39,Central Zone,Bhopal,Retired,Property,46-60,Low,11688.86,Half-Yearly,1,Claim Filed,23350.01
10581,2024-10-10,Vivaan Mehta,Male,26,West Zone,Nagpur,Salaried,Life,60+,High,47040.97,Monthly,3,No Claim,0.0
10410,2024-10-11,Ayaan Kumar,Female,39,West Zone,Ahmedabad,Student,Vehicle,46-60,Low,8190.96,Half-Yearly,1,Claim Filed,29600.48
10417,2024-10-11,Vivaan Desai,Female,26,Central Zone,Jabalpur,Professional,Life,60+,High,44758.56,Annual,3,No Claim,0.0
10074,2024-10-12,Aanya Joshi,Female,26,East Zone,Patna,Retired,Property,46-60,Middle,42592.03,Quarterly,3,Claim Filed,45816.89
10087,2024-10-12,Aanya Mehta,Other,26,South Zone,Kochi,Student,Property,60+,High,53870.8,Monthly,1,No Claim,0.0
10424,2024-10-14,Vikram Shah,Male,55,Central Zone,Ujjain,Student,Vehicle,18-30,Low,5966.39,Monthly,1,No Claim,0.0
10171,2024-10-16,Suresh Kumar,Female,63,Central Zone,Bhopal,Salaried,Health,18-30,Low,12863.9,Half-Yearly,1,No Claim,0.0
10001,2024-10-16,Ayaan Bajaj,Other,63,East Zone,Patna,Self-Employed,Health,46-60,Middle,30113.93,Half-Yearly,3,Claim Approved,7791.86
10095,2024-10-17,Mahesh Patel,Male,26,West Zone,Ahmedabad,Professional,Life,46-60,Low,6331.82,Monthly,2,Claim Approved,16759.99
10156,2024-10-18,Ayaan Mehta,Other,63,West Zone,Surat,Self-Employed,Health,46-60,Middle,32912.05,Annual,5,No Claim,0.0
10493,2024-10-18,Rani Sharma,Male,39,East Zone,Ranchi,Business,Property,46-60,High,58993.62,Half-Yearly,1,Claim Rejected,0.0
10115,2024-10-20,Meera Joshi,Male,26,North Zone,Delhi,Professional,Life,18-30,High,38593.47,Quarterly,2,No Claim,0.0
10362,2024-10-22,Sunita Reddy,Other,26,North Zone,Lucknow,Self-Employed,Health,46-60,Middle,35270.32,Monthly,1,No Claim,0.0
10267,2024-10-23,Kiara Iyer,Other,39,South Zone,Kochi,Business,Property,46-60,Low,15175.25,Quarterly,3,No Claim,0.0
10084,2024-10-25,Pari Desai,Male,55,South Zone,Kochi,Business,Vehicle,18-30,Middle,13151.61,Monthly,2,No Claim,0.0
10024,2024-10-27,Pooja Menon,Female,26,South Zone,Hyderabad,Self-Employed,Property,31-45,High,48563.91,Half-Yearly,1,Claim Approved,22196.28
10215,2024-10-27,Amit Shah,Female,55,North Zone,Chandigarh,Professional,Vehicle,31-45,Middle,20761.97,Monthly,2,No Claim,0.0
10289,2024-10-29,Sunita Patel,Female,63,North Zone,Lucknow,Professional,Life,31-45,High,36824.89,Annual,3,Claim Rejected,0.0
10389,2024-10-31,Sunita Kumar,Male,55,South Zone,Hyderabad,Self-Employed,Life,31-45,Middle,27014.08,Half-Yearly,3,No Claim,0.0
10266,2024-10-31,Vihaan Pillai,Female,26,Central Zone,Jabalpur,Salaried,Vehicle,31-45,Middle,23810.37,Half-Yearly,5,No Claim,0.0
10566,2024-11-01,Sai Rao,Female,39,East Zone,Kolkata,Student,Life,18-30,Middle,26498.94,Monthly,1,No Claim,0.0
10112,2024-11-02,Lakshmi Shah,Female,26,South Zone,Bangalore,Salaried,Property,46-60,High,66541.62,Quarterly,1,Claim Approved,30970.27
10348,2024-11-04,Aarav Saxena,Female,63,East Zone,Patna,Business,Life,46-60,Middle,22550.18,Annual,5,Claim Filed,40839.83
10576,2024-11-05,Meera Singh,Male,63,East Zone,Bhubaneswar,Retired,Vehicle,46-60,High,26124.49,Quarterly,1,No Claim,0.0
10258,2024-11-05,Gopal Joshi,Male,39,South Zone,Hyderabad,Self-Employed,Health,46-60,Middle,23914.25,Annual,1,Claim Rejected,0.0
10199,2024-11-06,Ishaan Mehta,Female,63,Central Zone,Bhopal,Salaried,Life,18-30,Middle,16799.29,Monthly,1,No Claim,0.0
10485,2024-11-06,Suresh Joshi,Male,26,North Zone,Jaipur,Student,Health,18-30,High,55535.97,Half-Yearly,1,No Claim,0.0
10065,2024-11-08,Aditya Verma,Female,39,Central Zone,Ujjain,Self-Employed,Vehicle,60+,High,33316.37,Half-Yearly,3,No Claim,0.0
10311,2024-11-08,Vihaan Joshi,Male,55,South Zone,Coimbatore,Retired,Property,31-45,Low,14370.42,Annual,2,No Claim,0.0
10580,2024-11-10,Priya Pillai,Female,55,South Zone,Bangalore,Student,Property,60+,High,53581.89,Annual,2,No Claim,0.0
10395,2024-11-10,Neha Nair,Male,26,South Zone,Coimbatore,Self-Employed,Property,18-30,High,45633.72,Half-Yearly,5,No Claim,0.0
10535,2024-11-10,Reyansh Mukherjee,Male,63,East Zone,Kolkata,Salaried,Property,31-45,Low,10180.05,Monthly,3,Claim Approved,29876.67
10531,2024-11-11,Sai Mehta,Other,26,North Zone,Kanpur,Business,Property,46-60,High,63428.31,Half-Yearly,5,Claim Approved,6652.08
10550,2024-11-11,Raj Bajaj,Other,63,East Zone,Bhubaneswar,Professional,Health,31-45,Middle,31536.16,Annual,1,No Claim,0.0
10453,2024-11-13,Aditya Mukherjee,Female,26,Central Zone,Indore,Business,Health,18-30,Middle,39142.7,Quarterly,1,No Claim,0.0
10540,2024-11-13,Amit Trivedi,Female,26,Central Zone,Gwalior,Retired,Property,31-45,Low,19212.79,Monthly,2,No Claim,0.0
10392,2024-11-14,Kavita Kumar,Other,55,West Zone,Mumbai,Business,Health,18-30,Low,18604.21,Quarterly,2,No Claim,0.0
10468,2024-11-16,Myra Khanna,Female,55,Central Zone,Jabalpur,Self-Employed,Property,31-45,High,60006.29,Quarterly,2,No Claim,0.0
10244,2024-11-16,Amit Pillai,Female,26,North Zone,Chandigarh,Business,Vehicle,46-60,Middle,10160.73,Half-Yearly,3,Claim Filed,29491.58
10355,2024-11-16,Reyansh Malhotra,Male,26,North Zone,Kanpur,Salaried,Property,60+,High,45995.29,Quarterly,1,Claim Filed,17329.46
10526,2024-11-17,Ishaan Mukherjee,Male,39,West Zone,Ahmedabad,Student,Property,18-30,Middle,33754.34,Monthly,5,Claim Approved,17453.94
10080,2024-11-17,Pihu Nair,Female,63,Central Zone,Gwalior,Business,Life,60+,High,37156.22,Monthly,2,No Claim,0.0
10214,2024-11-18,Anika Bajaj,Male,26,South Zone,Chennai,Business,Property,18-30,High,49221.46,Half-Yearly,5,Claim Approved,7413.57
10361,2024-11-18,Vihaan Verma,Female,55,Central Zone,Ujjain,Student,Property,60+,Low,12117.99,Monthly,1,No Claim,0.0
10586,2024-11-19,Diya Kapoor,Male,55,North Zone,Delhi,Student,Life,60+,Middle,24048.2,Monthly,2,No Claim,0.0
10265,2024-11-20,Myra Menon,Female,63,South Zone,Kochi,Student,Life,46-60,Middle,29936.02,Annual,5,Claim Filed,24586.8
10336,2024-11-22,Priya Saxena,Male,55,East Zone,Patna,Business,Life,31-45,Middle,15198.43,Monthly,5,Claim Filed,28030.12
10571,2024-11-22,Mahesh Desai,Other,55,Central Zone,Ujjain,Retired,Vehicle,31-45,Middle,19461.56,Quarterly,5,Claim Filed,25504.23
10009,2024-11-23,Pooja Nair,Other,39,Central Zone,Jabalpur,Professional,Health,18-30,Middle,23705.54,Half-Yearly,2,No Claim,0.0
10552,2024-11-24,Rajesh Kumar,Male,26,North Zone,Kanpur,Student,Health,46-60,High,41054.88,Annual,1,No Claim,0.0
10496,2024-11-26,Saanvi Shah,Female,63,Central Zone,Bhopal,Student,Life,18-30,High,38707.93,Half-Yearly,3,Claim Filed,47890.41
10139,2024-11-27,Suresh Bhatia,Other,63,East Zone,Kolkata,Self-Employed,Health,46-60,Middle,31291.81,Annual,1,No Claim,0.0
10151,2024-11-27,Pihu Trivedi,Female,39,West Zone,Pune,Retired,Vehicle,60+,Low,8306.28,Quarterly,3,No Claim,0.0
10451,2024-11-29,Kiara Kapoor,Male,63,South Zone,Chennai,Self-Employed,Life,60+,Middle,18240.47,Half-Yearly,3,No Claim,0.0
10153,2024-11-29,Lakshmi Desai,Other,39,Central Zone,Bhopal,Professional,Property,46-60,Low,14688.97,Quarterly,3,No Claim,0.0
10083,2024-11-30,Gopal Kapoor,Female,26,South Zone,Coimbatore,Retired,Vehicle,60+,Low,6874.3,Annual,2,Claim Filed,30662.91
10099,2024-12-02,Anil Malhotra,Male,39,Central Zone,Ujjain,Retired,Property,31-45,Low,14322.77,Monthly,2,Claim Approved,5290.9
10409,2024-12-04,Amit Shah,Other,39,South Zone,Coimbatore,Student,Property,18-30,High,50144.86,Quarterly,3,No Claim,0.0
10525,2024-12-04,Anika Patel,Male,26,Central Zone,Jabalpur,Salaried,Life,60+,Middle,24874.61,Quarterly,3,No Claim,0.0
10096,2024-12-05,Priya Bhatia,Male,26,West Zone,Mumbai,Salaried,Property,60+,High,55477.49,Annual,3,No Claim,0.0
10209,2024-12-07,Ananya Reddy,Male,55,West Zone,Surat,Business,Health,18-30,Middle,22633.74,Monthly,2,No Claim,0.0
10435,2024-12-08,Meera Desai,Female,55,North Zone,Lucknow,Business,Life,60+,High,38673.89,Quarterly,3,No Claim,0.0
10544,2024-12-14,Mahesh Iyer,Male,63,West Zone,Nagpur,Salaried,Life,46-60,Middle,16123.44,Monthly,5,Claim Filed,9777.22
10309,2024-12-14,Arjun Kapoor,Other,55,East Zone,Bhubaneswar,Student,Vehicle,60+,Low,4634.97,Quarterly,1,Claim Filed,8068.4
10034,2024-12-15,Pihu Singh,Female,63,South Zone,Coimbatore,Salaried,Life,60+,Middle,17656.23,Monthly,1,No Claim,0.0
10025,2024-12-19,Avni Shah,Male,39,North Zone,Lucknow,Self-Employed,Vehicle,46-60,High,36094.64,Quarterly,5,Claim Rejected,0.0
10082,2024-12-19,Rahul Reddy,Male,63,East Zone,Patna,Self-Employed,Life,18-30,High,33229.16,Quarterly,1,Claim Approved,26228.29
10472,2024-12-19,Arnav Trivedi,Female,63,North Zone,Jaipur,Business,Vehicle,18-30,Middle,18603.45,Monthly,3,No Claim,0.0
10386,2024-12-21,Vivaan Malhotra,Female,55,East Zone,Bhubaneswar,Professional,Health,18-30,Low,12350.02,Annual,2,Claim Filed,42079.89
10062,2024-12-22,Ananya Shah,Male,55,West Zone,Pune,Self-Employed,Health,60+,Low,8715.41,Monthly,2,No Claim,0.0
10429,2024-12-23,Aditya Sharma,Female,55,North Zone,Lucknow,Self-Employed,Property,46-60,Low,15274.75,Monthly,1,No Claim,0.0
10233,2024-12-25,Suresh Chowdhury,Other,26,West Zone,Ahmedabad,Student,Property,60+,Low,20880.57,Half-Yearly,1,No Claim,0.0
10520,2024-12-26,Anil Kumar,Other,55,West Zone,Nagpur,Self-Employed,Health,18-30,Low,14231.75,Monthly,5,No Claim,0.0
10211,2024-12-31,Mahesh Mehta,Male,26,Central Zone,Indore,Self-Employed,Health,18-30,Middle,34839.55,Annual,3,Claim Approved,35497.55
